Type,Phrase Type,Label,Topic,Parent,Label Explanation,Example Sentence,Example Source,Example Url,English,French,Spanish,Italian,Arabic
Entity,,,Taiwan,,,,,,Taiwan Affairs Office/T.A.O.,Bureau des Affaires Taiwanaises,Oficina de Asuntos de Taiwán,Ufficio per gli affari di Taiwan ,مكتب الشؤون التايوانية
Entity,,,Taiwan,,,,,,Democratic Progressive Party/D.P.P.,Parti démocrate progressiste,Partido Democrático Progresista,Partito Progressista Democratico,الحزب الديمقراطي التقدمي
Entity,,,Taiwan,,,,,,Zhu Fenglian,Zhu Fenglian,Zhu Fenglian,Zhu Fenglian,تشو فنجليان
Entity,,,Taiwan,,,,,,Ma Xiaoguang,Ma Xiaoguang,Ma Xiaoguang,Ma Xiaoguang, ما شياو قوانغ
Entity,,,Taiwan,,,,,,Kuomingtan/K.M.T./Guomindang,Kuomintang/Guomindang/Parti nationaliste chinois,Kuomingtan/Partido Nacionalista Chino,Guomindang/Partito Nazionalista Cinese,الكومينتانغ/الحزب الوطني الصيني
Entity,,,Taiwan,,,,,,Tsai Ying-wen/Tsai Yingwen/Tsai Ying Wen,Tsai Ying-wen,Tsai Ing-wen,Tsai Ying-wen,تساي إنغ ون
Entity,,,Taiwan,,,,,,Joseph Wu,Joseph Wu,Joseph Wu,Joseph Wu,جوزيف وو
Entity,,,Taiwan,,,,,,One China Principle,Principe d'une seule Chine,Principio de una China,"principio di ""Una sola Cina""",مبدأ الصين الواحدة
Entity,,,Taiwan,,,,,,Taiwan,Taiwan,Taiwán,Taiwan,تايوان
Entity,,,Taiwan,,,,,,Taiwan Relations Act,Taiwan Relations Act,Acta de Relaciones con Taiwán,Taiwan Relations Act,قانون العلاقات مع تايوان
Entity,,,Xinjiang,,,,,,Xinjiang,Xinjiang,Xinjiang,Xinjiang,شينجيانغ
Entity,,,Xinjiang,,,,,,Adrian Zenz,Adrian Zenz,Adrian Zenz,Adrian Zenz,أدريان زينز
Entity,,,Xinjiang,,,,,,Uyghur/Uighur/Uygur,Ouïghour/Ouïghours,Uigur/Uigures,Uigura/Uiguri,الأويغور
Entity,,,Xinjiang,,,,,,Joanne Smith Finley,Joanne Smith Finley,Joanne Smith Finley,Joanne Smith Finley,جوان سميث فينلي
Entity,,,Xinjiang,,,,,,Uyghur Rights Advocacy Project,Uyghur Rights Advocacy Project,Uyghur Rights Advocacy Project,Uyghur Rights Advocacy Project,مشروع الدفاع عن حقوق الأويغور
Entity,,,Xinjiang,,,,,,World Uyghur Congress,Congrès mondial ouïghour,Congreso Mundial Uigur,Congresso mondiale degli uiguri,مؤتمر الأويغور العالمي
Entity,,,Xinjiang,,,,,,Jerry Grey,Jerry Grey,Jerry Grey,Jerry Grey,جيري غراي/جيري جراي
Entity,,,Xinjiang,,,,,,Nathan Rich,Nathan Rich,Nathan Rich,Nathan Rich,ناثان ريتش
Entity,,,Xinjiang,,,,,,Hikvision,Hikvision,Hikvision,Hikvision,هيكفيجن
Entity,,,Xinjiang,,,,,,Eastern Turkistan,Turkestan oriental,Turquestán/Turkestán Orientañ,Turkestan orientale,تركستان الشرقية
Entity,,,Xinjiang,,,,,,Uyghur forced labor prevention act,Loi sur la prévention du travail forcé des Ouïghours,Acta para la Prevención de Trabajos Forzados de los Uigures,legge sulla prevenzione del lavoro forzato uiguro,قانون الأويغور لمنع العمل القسري/قانون منع العمل الجبري ضد الأويغور
Entity,,,Hong Kong,,,,,,Hong Kong,Hong Kong,Hong Kong,Hong Kong,هونج كونج
Entity,,,Hong Kong,,,,,,National Security Law,Loi sur la sécurité nationale,Ley de Seguridad Nacional,Legge sulla sicurezza nazionale,قانون الأمن القومي
Entity,,,Hong Kong,,,,,,Carrie Lam,Carrie Lam,Carrie Lam,Carrie Lam,كاري لام
Entity,,,Hong Kong,,,,,,Apple Daily,Apple Daily,Apple Daily,Apple Daily,آبل ديلي
Entity,,,Hong Kong,,,,,,Jimmy Lai,Jimmy Lai,Jimmy Lai,Jimmy Lai,جيمي لاي
Entity,,,Hong Kong,,,,,,Joshua Wong,Joshua Wong,Joshua Wong,Joshua Wong,جوشوا وونغ
Entity,,,Hong Kong,,,,,,Nathan Law,Nathan Law,Nathan Law,Nathan Law,ناثان لو
Entity,,,Hong Kong,,,,,,Hong Kong Police,Police de Hong Kong/Police hongkongaise,Policía de Hong Kong,Polizia di Hong Kong,شرطة هونغ كونغ
Entity,,,Hong Kong,,,,,,Basic Law,Loi fondamentale,Ley básica,Basic Law,القانون الأساسي
Entity,,,Hong Kong,,,,,,Sino-British Joint Declaration/Sino British Joint Declaration,Déclaration commune sino-britannique sur la question de Hong Kong,Declaración Conjunta Sino-británica,Dichiarazione congiunta sino-britannica,الإعلان الصيني البريطاني المشترك
Entity,,,Hong Kong,,,,,,University of Hong Kong,Université de Hong Kong,Universidad de Hong Kong,Università di Hong Kong,جامعة هونج كونج
Entity,,,Hong Kong,,,,,,Pillar of Shame,Pilier de la honte/Colonne de l'infamie,Pilar de la Vergüenza,Pilastro della Vergogna,عمود العار/عامود العار
Entity,,,Hong Kong,,,,,,Regional Comprehensive Economic Partnership,Partenariat économique régional global,Asociación Económica Integral Regional,Partenariato Economico Globale Regionale,الشراكة الاقتصادية الإقليمية الشاملة
Entity,,,Hong Kong,,,,,,Hong Kong Trade Development Council,conseil de développement du commerce de Hong Kong,Consejo de Desarrollo del Comercio de Hong Kong,Hong Kong Trade Development Council,مجلس تنمية تجارة هونغ كونغ
Entity,,,Hong Kong,,,,,,Hong Kong Free Press,Hong Kong Free Press,Hong Kong Free Press,Hong Kong Free Press,هونغ كونغ فري برس/مطبعة هونج كونج الحرة
Entity,,,Hong Kong,,,,,,Goddess of Democracy,Déesse de la démocratie,Diosa de la democracia,Dea della Democrazia,آلهة الديمقراطية
Entity,,,Hong Kong,,,,,,Hong Kong alliance,L'Alliance de Hong Kong pour le soutien des mouvements patriotiques démocratiques de Chine,,Alleanza di Hong Kong,تحالف هونغ كونغ
Entity,,,China,,,,,,Belt and Road Initiative,La nouvelle route de la soie,Iniciativa de la Ruta y la Seda,Iniziativa Belt and Road,مبادرة الحزام والطريق
Entity,,,China,,,,,,One Belt One Road,Une ceinture une route,Una franja una ruta,"Una cintura, una strada",حزام واحد، طريق واحد
Entity,,,Belt and Road,,,,,,Global Development Initiative,Initiative de développement global,Iniciativa de desarrollo global,iniziativa di sviluppo globale,مبادرة التنمية العالمية
Entity,,,China,,,,,,Silk Road,Route de la soie,Ruta de la Seda,Via della Seta,طريق الحرير
Entity,,,Belt and Road,,,,,,Space Information Corridor,Couloir d'information spatiale,Corredor de Información Espacial,corridoio di informazioni spaziali,ممر المعلومات الفضائية
Entity,,,Belt and Road,,,,,,Forum on China-Africa Cooperation/Forum on China Africa Cooperation,Forum sur la coopération sino-africaine,Foro de Cooperación China-África,Forum per la cooperazione sino-africana,منتدى التعاون الصيني الأفريقي
Entity,,,Belt and Road,,,,,,Build Back Better,programme Build Back Better,iniciativa Build Back Better,Build Back Better,إعادة البناء بشكل أفضل
Entity,,,Belt and Road,,,,,,Global Gateway,Portail mondial,Portal global,Global Gateway,البوابة العالمية
Entity,,,COVID Origins,,,,,,Fort Detrick,Fort Detrick,Fort Detrick,Fort Detrick,فورت ديتريك
Entity,,,COVID Origins,,,,,,U.S. Army Medical Research Institute of Infectious Diseases/US Army Medial Research Institute of Infectious Diseases,Institut de recherche médicale sur les maladies infectieuses de l'armée des États-Unis,Instituto de Investigaciones Médicas sobre Enfermedades Infecciosas del Ejército de Estados Unidos,istituto di ricerca medica sulle malattie infettive dell'esercito degli Stati Uniti,معهد البحوث الطبية للأمراض المعدية التابع للجيش الأمريكي/معهد البحوث الطبية للأمراض المعدية بالجيش الأمريكي
Entity,,,China,,,,,,Wuhan Institute of Virology,Institut de virologie de Wuhan,Instituto de Virología de Wuhan,Istituto di virologia di Wuhan,معهد ووهان لعلم الفيروسات/معهد ووهان للفيروسات/معهد ووهان لأبحاث الفيروسات
Entity,,,COVID Origins,,,,,,origins of the virus/virus origins/origins of COVID,Origines du virus,Orígenes del virus,origine (del virus),أصول (الفيروس)
Entity,,,COVID Origins,,,,,,White-Tailed Deer/White Tailed Deer,Cerf de Virginie,venados/ciervos cola blanca,cervo dalla coda bianca,الأيل أبيض الذيل
Entity,,,Huawei-TikTok,,,,,,Kovrig,Kovrig,Kvring,Kovrig,كوفريج
Entity,,,Huawei-TikTok,,,,,,Michaels,Les deux Michael,los dos Michaels,Michaels,ميخائيل/مايكلز
Entity,,,Huawei-TikTok,,,,,,Spavor,Spavor,Spavor,Spavor,سبافور
Entity,,,Huawei-TikTok,,,,,,Huawei,Huawei,Huawei,Huawei,هواوي
Entity,,,Huawei-TikTok,,,,,,Meng Wanzhou,Meng Wanzhou,Meng Wanzhou,Meng Wanzhou,منغ وانتشو/منغ وان جو
Entity,,,Huawei-TikTok,,,,,,Huawei Authorized Learning Partner,Huawei Authorized Learning Partner,socios de aprendizaje autorizados de Huawei,Huawei Authorized Learning Partner, الشريك التعليمي المعتمد من هواوي/شريك هواوي المعتمد للتعليم
Entity,,,Huawei-TikTok,,,,,,American University of Science & Technology/American University of Science  Technology,American University of Science & Technology,American University of Science & Technology,Università Americana di Scienza e Tecnologia,الجامعة الأمريكية للعلوم والتكنولوجيا
Entity,,,Huawei-TikTok,,,,,,Technology Fair and Forum for the Middle East and Africa,Technology Fair and Forum for the Middle East and Africa,Technology Fair and Forum for the Middle East and Africa,Technology Fair and Forum for the Middle East and Africa,معرض ومنتدى التكنولوجيا للشرق الأوسط وأفريقيا
Entity,,,Huawei-TikTok,,,,,,Powering Digital Thailand 2022,Powering Digital Thailand 2022,Powering Digital Thailand 2022,Powering Digital Thailand 2022,التشغيل الرقمي في تايلاند 2022
Entity,,,Huawei-TikTok,,,,,,Huawei Tech Investment,Huawei Tech Investment,Huawei Tech Investment,Huawei Tech Investment,هواوي تك للاستثمار
Entity,,,Huawei-TikTok,,,,,,Secure Equipment Act,Secure Equipment Act,Secure Equipment Act,Secure Equipment Act,قانون المعدات الآمنة
Entity,,,Huawei-TikTok,,,,,,TikTok,Tik Tok,Tik Tok,TikTok,تيك توك
Entity,,,China,,,,,,Sinovac,Sinovac,Sinovac,Sinovac,سينوفاك
Entity,,,China,,,,,,Sinopharm,Sinopharm,Sinopharm,Sinopharm,سينوفارم
Entity,,,Vaccines,,,,,,Astra Zeneca,Astra Zeneca,Astra Zeneca,Astra Zeneca,أسترا زينيكا
Entity,,,Vaccines,,,,,,Pfizer,Pfizer,Pfizer,Pfizer,فايزر
Entity,,,Vaccines,,,,,,Johnson & Johnson/Johnson  Johnson,Johnson & Johnson,Johnson & Johnson,Johnson & Johnson,جونسون آند جونسون
Entity,,,Vaccines,,,,,,BioNTech,BioNTech,BioNTech,BioNTech,بيونتيك
Entity,,,Vaccines,,,,,,Moderna,Moderna,Moderna,Moderna,موديرنا
Entity,,,Vaccines,,,,,,Pharmaniaga,Pharmaniaga,Pharmaniaga,Pharmaniaga,فارمانياغا
Entity,,,Vaccines,,,,,,CoronaVac,CoronoVac,CoronaVac,CoronaVac,كورونافاك
Entity,,,Vaccines,,,,,,Global Vaccine Cooperation Action Initiative,Initiative pour l'action mondiale de coopération sur les vaccins,,iniziativa di cooperazione globale sui vaccini,مبادرة التعاون العالمية للعمل في مجال اللقاحات
Entity,,,South China Sea,,,,,,Association of Southeast Asian Nations,Association des nations de l'Asie du Sud-Est,Asociación de Naciones del Sudeste Asiático,Associazione delle Nazioni del Sud-est asiatico,رابطة أمم جنوب شرق آسيا
Entity,,,China,,,,,,South China Sea,Mer de Chine du Sud/Mer de Chine méridionale,Mar del Sur de China/Mar de China Meridional,Mar Cinese Meridionale,بحر جنوب الصين
Entity,,,China,,,,,,Nine-Dash Line/Nine Dash Line,Ligne en 9 traits,linea de los 9 puntos,Linea dei nove tratti,خط القطاعات التسعة
Entity,,,China,,,,,,Declaration on the Conduct of Parties,code de conduite des parties ,Declaración de Conducta de las Partes en el mar de China Meridional,Dichiarazione sulla condotta delle Parti,إعلان لائحة السلوك
Entity,,,China,,,,,,Code of Conduct in the South China Sea,code de conduite des parties en mer de Chine du Sud,Código de Conducta para el Mar de China Meridional,Codice di condotta sul Mar Cinese Meridionale,لائحة السلوك لأطراف بحر جنوب الصين
Entity,,,China,,,,,,China-ASEAN Summit/China ASEAN Summit,Sommet Chine-ASEAN/Sommet Chine-ANASE,Cumbre ASEAN-China,Summit Cina-ASEAN,قمة الصين - آسيان
Entity,,,China,,,,,,Comprehensive and Progressive Trans-Pacific Partnership Agreement/ Comprehensive and Progressive Trans Pacific Partnership Agreement/CPTPPA,Accord de Partenariat transpacifique global et progressiste,Tratado Integral y Progresivo de Asociación Transpacífico,Accordo globale e progressivo per il partenariato transpacifico,الاتفاق الشامل والتقدمي للشراكة العابرة للمحيط الهادئ
Entity,,,China,,,,,,China-Southeast Asia Research Center on the South China Sea/China Southeast Asia Research Center on the South China Sea,China-Southeast Asia Research Center on the South China Sea,,Centro di ricerca congiunto Cina-Sud-Est asiatico sul Mar cinese meridionale ,مركز أبحاث الصين وجنوب شرق آسيا على بحر الصين الجنوبي
Entity,,,China,,,,,,National Institute for South China Sea Studies,National Institute for South China Sea Studies,National Institute for South China Sea Studies,Istituto di ricerca per gli studi sul mar cinese meridionale,
Entity,,,China,,,,,,China Oceanic Development Foundation,China Oceanic Development Foundation,China Oceanic Development Foundation,Fondazione cinese per lo sviluppo oceanico ,المعهد الوطني لدراسات بحر الصين الجنوبي
Entity,,,China,,,,,,China-ASEAN Cooperation Fund/China ASEAN Cooperation Fund,China-ASEAN Cooperation Fund/Fonds de coopération Chine-ASEAN,Fondo de Cooperación China-ASEAN,Fondo di cooperazione Cina-ASEAN,صندوق التعاون الاستثماري بين الصين والآسيان
Entity,,,South China Sea,,,,,,United Nations Convention on the Law of the Sea,Convention des Nations unies sur le droit de la mer,Convención de las Naciones Unidas sobre el Derecho del Mar,Convenzione delle Nazioni Unite sul diritto del mare,اتفاقية الأمم المتحدة لقانون البحار
Entity,,,South China Sea,,,,,,US Navy,Marine américaine,Armada Norteamericana,marina militare degli Stati Uniti,البحرية الأمريكية
Entity,,,South China Sea,,,,,,Indo-Pacific/Indo Pacific,Indo-Pacifique,Indo-Pacífico,Indo-Pacifico,منطقة الهندي-الهادي/منطقة المحيط الهادئ الهندي
Entity,,,General,,,,,,Jake Sullivan,Jake Sullivan,KJake Sullivan,Jake Sullivan,جيك سوليفان
Entity,,,All,,,,,,People's Liberation Army/P.L.A.,Armée populaire de libération,Ejército de Liberación Popular,Esercito popolare di liberazione,جيش التحرير الشعبي الصيني
Entity,,,General,,,,,,Cold War,Guerre froide,Guerra Fría,Guerra fredda,الحرب الباردة
Entity,,,China,,,,,,Li Ruiyu,Li Ruiyu,Li Ruiyu,Li Ruiyu,لي رويو
Entity,,,China,,,,,,Lyu Fan,Lyu Fan,Lyu Fan,Lyu Fan,ليو فان
Entity,,,China,,,,,,Wu Haitao,Wu Haitao,Wu Haitao,Wu Haitao,Wu Haitao
Entity,,,China,,,,,,Yao Fei,Yao Fei,Yao Fei,Yao Fei,Yao Fei
Entity,,,China,,,,,,Zhu Jingyang,Zhu Jingyang,Zhu Jingyang,Zhu Jingyang,Zhu Jingyang
Entity,,,China,,,,,,Qu Xing,Qu Xing,Qu Xing,Qu Xing,تشو شينغ
Entity,,,China,,,,,,Lu Shaye,Lu Shaye,Lu Shaye,Lu Shaye,لو شاي
Entity,,,China,,,,,,Zheng Zeguang,Zheng Zeguang,Zheng Zeguang,Zheng Zeguang,تشنغ تسيغانغ
Entity,,,China,,,,,,Chen Chuandong,Chen Chuandong,Chen Chuandong,Chen Chuandong,تشن تشوان دونغ
Entity,,,China,,,,,,Qian Minjian,Qian Minjian,Qian Minjian,Qian Minjian,تشيان مينجيان
Entity,,,China,,,,,,Liao Liqiang,Liao Liqiang,Liao Liqiang,Liao Liqiang,لياو لي تشيانغ
Entity,,,General,,,,,,Egypt,Egypte,Egipto,Egitto,مصر
Entity,,,General,,,,,,Lebanon,Liban,Líbano,Libano,لبنان
Entity,,,General,,,,,,Jordan,Jordanie,Jordania,Giordania,الأردن
Entity,,,General,,,,,,United Kingdom,Royaume Uni,Reino Unido,Regno Unito,المملكة المتحدة
Entity,,,General,,,,,,France,France,Francia,Francia,فرنسا
Entity,,,General,,,,,,Belgium,Belgique,Bégica,Belgio,بلجيكا
Entity,,,General,,,,,,Spain,Espagne,España,Spagna,إسبانيا
Entity,,,General,,,,,,Italy,Italie,Italia,Italia,إيطاليا
Entity,,,General,,,,,,Edward Snowden,Edward Snowden,Edward Snowden,Edward Snowden,إدوارد سنودن
Entity,,,General,,,,,,National Security Agency,NSA / National Security Agency,Agencia de Seguridad Nacional,agenzia di sicurezza nazionale,وكالة الأمن القومي
Entity,,,General,,,,,,U.S. sanctions/US sanctions,sanctions américaines,sanciones americanas,sanzioni statunitensi,العقوبات الأمريكية
Entity,,,General,,,,,,Holocaust,Holocauste,Holocausto,Olocausto,الهولوكوست/المحرقة
Entity,,,General,,,,,,Asia-Pacific Economic Cooperation/Asia Pacific Economic Cooperation,Coopération économique pour l'Asie-Pacifique,Foro de Cooperación Económica Asia Pacífico,Cooperazione Economica Asia-Pacifico,منتدى التعاون الاقتصادي لدول آسيا والمحيط الهادئ
Entity,,,General,,,,,,World Trade Organization,Organisation mondiale du commerce,Organización Mundial del Comercio,Organizzazione mondiale del commercio,منظمة التجارة العالمية
Entity,,,General,,,,,,Organization for Economic Cooperation and Development,Organisation de coopération et de développement économiques,,Organizzazione per la cooperazione e lo sviluppo economico,منظمة التعاون والتنمية الاقتصادية
Entity,,,General,,,,,,India,Inde,India,India,الهند
Entity,,,General,,,,,,International Olympic Committee,Comité international Olympique ,Comité Olímpico Internacional,Comitato Olimpico Internazionale,اللجنة الأولمبية الدولية
Entity,,,China,,,,,,Peng Shuai,Peng Shuai,Peng Shuai,Peng Shuai,بينغ شواي
Entity,,,China,,,,,,Confucius Institute,Institut Confucius,INstituto Confucio,Istituto Confucio,معهد كونفوشيوس
Entity,,,China,,,,,,Evergrande,Evergrande,Evergrande,Everngrande,إيفرجراند
Entity,,,China,,,,,,Fantasia,Fantasia,Fantasia Holdings,Fantasia,فانتازيا
Entity,,,China,,,,,,Sinic,Sinic,Sinic,Sinico/Sinica,صيني
Entity,,,China,,,,,,China Properties Group,China properties group,China Properties Group,China Properties Group,المجموعة العقارية الصينية
Entity,,,All,,,,,,Tiananmen,Tiananmen/Tian'anmen,Tiananmen,Tiananmen,تيانانمن
Entity,,,General,,,,,,Enes Kanter,Enes Kanter,Enes Kanter,Enes Kanter,أنيس كانتر
Entity,,,China,,,,,,Chinese Constitution,Constitution chinoise,Constitución china,Costituzione cinese,الدستور الصيني
Entity,,,China,,,,,,State Council Information Office,State Council Information Office/ Bureau d'information du conseil des Affaires d'Etat,Oficina de Información del Consejo de Estado,Ufficio di informazioni del Consiglio di stato,المكتب الإعلامي لمجلس الدولة
Entity,,,General,,,,,,European Parliament,Parlement européen,Parlamento Europeo,Parlamento Europeo,البرلمان الأوروبي
Entity,,,China,,,,,,Nanjing Massacre,Massacre de Nankin,Masacre de Nankin,massacro di Nanchino,مذبحة نانجنغ/مذبحة نانجينغ
Entity,,,General,,,,,,Summit for Democracy,Sommet pour la démocratie,Cumbre par la democracia,Summit per la democrazia,قمة من أجل الديمقراطية
Entity,,,General,,,,,,Five Eyes,Five eyes,Alianza Cinco Ojos/Five Eyes,I Cinque Occhi,خمس أعين/العيون الخمس
Entity,,,General,,,,,,Kaisa,Kaisa,Kaisa,Kaisa,كيسا
Entity,,,All,,,,,,China,Chine,China,Cina,الصين
Entity,,,All,,,,,,People's Republic of China/P.R.C.,République populaire de Chine,República Popular de China,Repubblica popolare cinese,جمهورية الصين الشعبية
Entity,,,All,,,,,,Hua Chunying,Hua Chunying,Hua Chunying,Hua Chunying,هوا تشونينج
Entity,,,All,,,,,,Zhao Lijian,Zhao Lijian,Zhao Lijian,Zhao Lijian,تشاو لي جيان
Entity,,,General,,,,,,Human Rights Watch,Human Rights Watch,Human Rights Warch,Human Rights Watch,هيومن رايتس ووتش
Entity,,,General,,,,,,Australian Strategic Policy Institute,Australian Strategic Policy Institute,Instituto Australiano de Política Estratégica,Australian Strategic Policy Institute, معهد السياسة الاستراتيجية الاسترالي
Entity,,,General,,,,,,MERICS,MERICS,MERICS,MERICS,ميريكس
Entity,,,General,,,,,,AUKUS,AUKUS,AUKUS,AUKUS,أوكوس
Entity,,,General,,,,,,Czech Republic,République Tchèque,República Checa,Repubblica Ceca,جمهورية التشيك
Entity,,,General,,,,,,Shinzo Abe,Shinzo Abe,Shinzo Abe,Shinzo Abe,شينزو آبي
Entity,,,General,,,,,,Ukraine,Ukraine,Ucrania,Ucraina,أوكرانيا
Entity,,,General,,,,,,Amnesty International,Amnesty international,Amnistía Internacional,Amnesty International,منظمة العفو الدولية
Entity,,,General,,,,,,Intelligence & Alliance Think Tank/Intelligence  Alliance Think Tank,Intelligence & Alliance Think Tank,Intelligence & Alliance Think Tank,Intelligence & Alliance Think Tank,المؤسسة الفكرية للمخابرات والتحالف
Entity,,,General,,,,,,Taihe Institute,Institut Taihe,Instituto Taihe,Taihe Institute,معهد تايهي
Entity,,,China,,,,,,China International Communications Group/CICG,China International Communications Group (CICG),China International Communications Group (CICG),China International Communications Group (CICG),مجموعة الصين الدولية للاتصالات/المجموعة الصينية للاتصالات الدولية
Entity,,,General,,,,,,Defense Advanced Research Projects Agency,Defense Advanced Research Projects Agency/DARPA,Agencia de Investigación de Proyectos Avanzados de Defensa,Agenzia per i progetti di ricerca avanzata per la difesa,وكالة مشاريع البحوث المتطورة الدفاعية
Entity,,,General,,,,,,COVID-19/COVID 19/COVID,COVID-19,COVID-19,COVID-19,كوفيد-19
Entity,,,General,,,,,,Malaysia,Malaisie,Malasia,Malaysia/Malesia,ماليزيا
Entity,,,General,,,,,,LHTC Broadband,LHTC Broadband,Banda ancha LHTC,LHTC Broadband,أل أتش تي سي لخدمات النطاق العريض
Entity,,,General,,,,,,Saudi Arabia,Arabie saoudite,Arabia Saudí,Arabia Saudita,المملكة العربية السعودية
Entity,,,General,,,,,,Federal Communications Commission,Commission fédérale des communications,Comisión Federal de Comunicaciones,Commissione federale per le comunicazioni,هيئة الاتصالات الفيدرالية
Entity,,,General,,,,,,Central Intelligence Agency,CIA / Central INtelligence Agency,CIA,Agenzia d'informazioni centrale,وكالة الإستخبارات المركزية
Entity,,,General,,,,,,Danish Defense Intelligence Agency,Danish Defense Intelligence Agency,Servicio de Inteligencia de Defensa de Dinamarca,servizio di intelligence della difesa danese,وكالة استخبارات الدفاع الدنماركية
Entity,,,General,,,,,,Catalonia,Catalogne,Cataluña,Catalonia,كاتالونيا
Entity,,,General,,,,,,Westerners,Occidentaux,Occidentales,occidentali,الغربيون
Entity,,,General,,,,,,extremism,Extrémisme,Extremismo,estremismo,التطرف
Entity,,,General,,,,,,terrorism,Terrorisme,Terrorismo,terrorismo,الإرهاب
Entity,,,General,,,,,,Africa,Afrique,África,Africa,أفريقيا
Entity,,,General,,,,,,Native Americans,Amérindiens,Nativos americanos,nativi americani,الأمريكيون الأصليون
Entity,,,General,,,,,,Pakistan,Pakistan,Pakistán,Pakistan,باكستان
Entity,,,General,,,,,,Turkey,Turquie,Turquía,Turchia,تركيا
Entity,,,China,,,,,,Wang Wenbin,Wang Wenbin,Wang Wenbin,Wang Wenbin,وانغ وين بين
Entity,,,All,,,,,,Xi Jinping,Xi Jinping,Xi Jinping,Xi Jinping,شي جين بين
Entity,,,All,,,,,,Chinese Foreign Ministry,Ministère chinois des Affaires étrangères,Ministerio de Asuntos Exteriores de China,Ministro degli Affari Esteri,وزارة الخارجية الصينية
Entity,,,All,,,,,,Chinese ambassador,Ambassadeur chinois,Embajador chino,Ambasciatore cinese,سفير الصين
Entity,,,All,,,,,,Chinese embassy,Ambassade de Chine,Embajada de China,Ambasciata cinese,السفارة الصينية
Entity,,,All,,,,,,Chinese,Chinois,chino,cinese/cinesi,صيني
Entity,,,General,,,,,,USA/US/U.S.A./U.S./America,Etats-Unis,Estados Unidos,USA/Stati Uniti d'America,الولايات المتحدة الأمريكية
Entity,,,General,,,,,,US congress,Congrès des Etats-Unis,Congreso de Estados Unidos,Congresso degli Stati Uniti,الكونغرس الأمريكي
Entity,,,General,,,,,,White House,Maison blanche,Casa Blanca,Casa Bianca,البيت الابيض
Entity,,,General,,,,,,Germany,Allemagne,Alemania,Germania,ألمانيا
Entity,,,All,,,,,,Beijing,Pékin,Pekín,Pechino,بكين
Entity,,,General,,,,,,Canada,Canada,Canadá,Canada,كندا
Entity,,,General,,,,,,BBC,BBC,BBC,BBC,بي بي سي
Entity,,,General,,,,,,New York Times,New York Times,New York Times,New York Times ,نيويورك تايمز
Entity,,,All,,,,,,Chinese Communist Party,Parti communiste chinois,Partido Comunista Chino,Partito comunista cinese,الحزب الشيوعي الصيني
Entity,,,All,,,,,,Communist Party of China,Parti communiste chinois,Partido Comunista China,Partito comunista cinese,الحزب الشيوعي الصيني
Entity,,,General,,,,,,Donald Trump,Donald Trump,Donald Trump,Donald Trump,دونالد ترمب
Entity,,,General,,,,,,Mike Pompeo,Mike Pompeo,Mike Pompeo,Mike Pompeo,مايك بومبيو
Entity,,,General,,,,,,Joe Biden,Joe Biden,Joe Biden,Joe Biden,جو بايدن
Entity,,,General,,,,,,Antony Blinken,Antony Blinken,Anthony Bliken ,Antony Blinken,أنتوني بلينكين
Entity,,,General,,,,,,Nancy Pelosi,Nancy Pelosi,Nancy Pelosi,Nancy Pelosi,نانسي بيلوسي
Entity,,,General,,,,,,Europe,Europe,Europa,Europa,أوروبا
Entity,,,General,,,,,,Washington,Washington,Washington,Washington,واشنطن
Entity,,,General,,,,,,British,Britannique,Británico (masc) Británica (fem),Britannico/britannici,بريطاني
Entity,,,General,,,,,,Western media,Média occidental,medios occidentales,media occidentali,الإعلام الغربي
Entity,,,General,,,,,,Wikileaks,Wikileaks,Wikileaks,Wikileaks,ويكيليكس
Entity,,,China,,,,,,CPPCC,CCPPC,CCPPC Conferencia Consultiva Política del Pueblo Chino,CPCPC,المؤتمر الاستشاري السياسي للشعب الصيني
Entity,,,General,,,,,,Olympic games,Jeux olympiques,Juegos Olímpicos,giochi olimpici,الألعاب الأولمبية
Entity,,,China,,,,,,Xinhua,Xinhua,Xinhua,Xinhua/agenzia Nuova Cina,شينخوا/وكالة أنباء شينخوا
Entity,,,China,,,,,,Global Times,Global Times,Global Times,Global Times,جلوبال تايمز
Entity,,,China,,,,,,CGTN,CGTN,CGNT,CGTN,شبكة تلفزيون الصين العالمية
Entity,,,China,,,,,,Wu Qimin,Wu Qimin,Wu Qimin,Wu Qimin,وو جيمين
Entity,,,China,,,,,,Hu Xijin,Hu Xijin,Hu Xijin,Hu Xijin,هو زيجين
Entity,,,China,,,,,,Tom Fowdy,Tom Fowdy,Tom Fowdy,Tom Fowdy,توم فودي
Entity,,,China,,,,,,People's Daily,Quotidien du peuple,Diario del Pueblo,Quotidiano del popolo,صحيفة الشعب اليومية
Entity,,,China,,,,,,China Daily,China Daily,China Daily,China Daily,الصين يوميا
Entity,,,China,,,,,,One Country Two Systems,Un pays deux systèmes,Un país dos sistemas,"Un paese, due sistemi",بلد واحد نظامان مختلفان
Phrase,N,A,Taiwan,Taiwan region,,,,,Taiwan area,Région de Taiwan,Área de Taiwán,area taiwanese,مساحة تايوان
Phrase,N,A,Taiwan,,Doublespeak to deny the reality of Taiwan's independence.,"Fosun Pharma has been licensed by BioNTech to exclusively develop and commercialize COVID-19 vaccines based on its mRNA technology platform in the Chinese mainland, Hong Kong Special Administrative Region, Macao Special Administrative Region and Taiwan region.",Xinhua,http://www.xinhuanet.com/english/2021-07/14/c_1310061313.htm,Taiwan region,Région de Taiwan,Región de Taiwán,regione di taiwan,منطقة تايوان
Phrase,N,ND,Taiwan,,Official name at Olympics. Dropping from aligned to non-discriminative for this reason.,,,,Chinese Taipei,Taipei chinois,Taipei chino,Taipei cinese,تايبيه الصينية
Phrase,N,A,Taiwan,,Doublespeak to deny the reality of Taiwan's independence.,"Having been studying and working on the Chinese mainland for almost two decades, Chen Borui from southeast China's Taiwan said he has witnessed the rapid growth of the mainland and benefited from it.",People's Daily,http://en.people.cn/n3/2021/1212/c90000-9931587.html,China's Taiwan,Région de Taiwan (Chine),"Taiwán, China",(regione di) Taiwan della Cina,تايوان الصينية
Phrase,N,A,Taiwan,,Common CCP phrase indicating the need to annex Taiwan and end the reality of its independence.,"Resolving the Taiwan question and realizing China's complete reunification is a historic mission and an unshakable commitment of the Communist Party of China (CPC), Xi Jinping, general secretary of the CPC Central Committee, said on Thursday.",Xinhua,http://www.xinhuanet.com/english/special/2021-07/01/c_1310037420.htm,the Taiwan question,La question taiwanaise,la cuestión taiwanesa,la questione di Taiwan,مسألة تايوان
Phrase,V,A,Taiwan,,"Although the concept of using Taiwan to X, where X is usually ""contain China"" or ""provoke the mainland"" or what have you, this phrase is too common to include in the final analysis.",,,,use Taiwan,Utiliser Taiwan,utilizar a Taiwán,utilizzare Taiwan,استخدام تايوان
Phrase,V,A,Taiwan,,,,,,,,usar a Taiwán,usare Taiwan,
Phrase,N,A,Taiwan,,"A way of refering to Taiwan that reduces its status as an independent state to ""an island.""","A Chinese defense spokesperson said Thursday that actions of the Chinese People's Liberation Army (PLA) in the waters and airspace around the country's island of Taiwan have clear objectives, reaffirming the military's resolve to safeguard national sovereignty and territorial integrity.",China.org.cn,http://www.china.org.cn/china/2021-12/31/content_77962324.htm,island of Taiwan,Ile de Taiwan,isla de Taiwán,isola di Taiwan,جزيرة تايوان
Phrase,N,A,Taiwan,,"The specific conjunction of ""Chinese mainland"" and ""Taiwan"" places Taiwan as a part of ""China."" Compare: ""China and Taiwan.""","A seminar on relations between the Chinese mainland and Taiwan opened on Thursday in south China's Guangxi Zhuang Autonomous Region, discussing paths and choice of the development of cross-Strait ties.",Xinhua,http://www.xinhuanet.com/english/2021-07/30/c_1310095628.htm,Chinese mainland and Taiwan,La Chine continentale et Taiwan,China continental y Taiwán,Cina continentale e Taiwan,البر الصيني الرئيسي وتايوان
Phrase,V,A,Taiwan,,,,,,provocation and threat against the mainland,Provocation et menace contre le continent,provocación y amenaza contra el continente,provocazioni e minacce contro la Cina continentale,الاستفزاز والتهديد ضد البر الصيني الرئيسي
Phrase,V,A,Taiwan,,,,,,,,,provocazioni e minacce contro il continente,
Phrase,V,A,Taiwan,,,,,,attack the mainland,Attaquer le continent,atacar el continente,attaccare la Cina continentale,مهاجمة البر الصيني الرئيسي
Phrase,V,A,Taiwan,,,,,,,,,attaccare il continente,
Phrase,V,A,Taiwan,,,,,,stir confrontation with the mainland,Susciter la confrontation avec le continent,suscitar confrontación con el continente,fomentare lo scontro con la Cina continentale,إثارة المواجهة البر الصيني الرئيسي
Phrase,V,A,Taiwan,,,,,,,,,fomentare lo scontro con il continente,
Phrase,V,A,Taiwan,,,,,,provoke Taiwan independence,Provoquer l'indépendance de Taiwan,provocar la independencia de Taiwán,causare l'indipendenza di Taiwan,استفزاز استقلال تايوان
Phrase,N,A,Taiwan,,Doublespeak to deny the reality of Taiwan's independence.,"In particular, he lashed out at the U.S. military buildup targeting China, which he observed has accelerated since the U.S. ""pivot to Asia"" strategy in 2012, and at its arms sales to Taiwan, China.",Xinhua,http://www.news.cn/english/northamerica/2021-12/21/c_1310386180.htm,"Taiwan, China","Taiwan, Chine","Taiwán, China","Taiwan, Cina",تايوان الصين
Phrase,N,O,Taiwan,,The CCP's policy is not to refer to the Taiwanese government as such as this implies the reality of Taiwan's independence.,,Xinhua,https://web.archive.org/web/20160218073651/http://www.xinhuanet.com.tw/viewthread.php?tid=4981,Taiwan's government,gouvernement taiwanais,gobierno de Taiwán,governo di Taiwan,حكومة تايوان
Phrase,N,A,Taiwan,,"The CCP's policy is not to refer to the Taiwanese government as such as this implies the reality of Taiwan's independence. ""Authorities in Taiwan"" is a common replacement.","Zhao said that, for some time now, the Democratic Progressive Party authorities in Taiwan and the ""Taiwan independence"" separatist forces have been pursuing ""de-sinicization"", trying to create ""one China, one Taiwan"" or ""two Chinas"", and engaging in provocative activities to seek independence in collusion with external forces.",Xinhua,http://www.news.cn/english/2021-11/15/c_1310312641.htm,authorities in Taiwan,autorités de Taiwan,autoridades de Taiwán,autorità a Taiwan,السلطات في تايوان
Phrase,N,ND,Taiwan,,,,,,China Taiwan divide,Séparation Chine-Taïwan,separación China-Taiwán,dividere la Cina e Taiwan,إنقسام الصين وتايوان
Phrase,N,O,Taiwan,,A phrase often used by Taiwan to express the benefits of its democratic way of governance.,"This webpage shares the Taiwan Model for combating the pandemic, as well as links to related international media coverage and video clips.",Taiwan Ministry of Foreign Affairs,https://en.mofa.gov.tw/theme.aspx?n=2294&s=87,the Taiwan model,Le modèle taiwanais,el modelo taiwanés,il modello Taiwan,نموذج تايوان
Phrase,N,A,Taiwan,,Catchphrase used by the CCP claiming that Taiwan is an integral part of the PRC.,"It is a very bad act of provocation by the United States to repeatedly play the ""Taiwan card,"" which challenged China's bottom line and harmed China's national sovereignty and territorial integrity.",China.org.cn,http://www.china.org.cn/opinion/2021-07/16/content_77632507.htm,territorial integrity,intégrité territoriale,integridad territorial,integrità territoriale,وحدة الأراضي;وحدة المنطقة
Phrase,N,A,Taiwan,,Loaded label that assumes Taiwan is a part of the PRC.,"Efforts should be made to prevent what really matters for the EU-China relations from being distracted by political speculation like Lithuania has made unwisely, and stop wrong, dangerous signals to be sent to Taiwan independence separatist forces.",Xinhua,http://www.news.cn/english/2021-12/22/c_1310388106.htm,Taiwan independence separatist forces,Forces séparatistes indépendantes de Taiwan,fuerzas separatistas de la independencia de Taiwán,forze separatiste indipendentiste taiwanesi,القوى الانفصالية لاستقلال تايوان
Phrase,N,A,Taiwan,Taiwan independence separatist forces,,,,,Taiwan independence elements,éléments d'indépendance de Taiwan,elementos de la independencia de Taiwan,elementi indipendentisti taiwanesi,عناصر استقلال تايوان
Phrase,N,A,Taiwan,,PRC nationalistic catchphrase refering to the motivation to annex Taiwan.,"Resolving the Taiwan question and realizing China's complete reunification is a historic mission and an unshakable commitment of the Communist Party of China, and a shared aspiration of all the sons and daughters of the Chinese nation, Zhu said.",Xinhua,http://www.xinhuanet.com/english/2021-07/02/c_1310040237.htm,historic mission,mission historique,misión histórica,missione storica,مهمة تاريخية
Phrase,N,A,Taiwan,,Loaded label that assumes Taiwan is a part of the PRC.,,,,secessionist DPP,PDP sécessioniste,PDP secesionista,secessionisti PPD,الحزب الديمقراطي التقدمي الانفصالي
Phrase,N,A,Taiwan,secessionist DPP,,,,,separatist DPP,PDP séparatiste,PDP separtista,separatisti PPD,الحزب الديمقراطي التقدمي الانشقاقي
Phrase,N,A,Taiwan,secessionist DPP,,,,,secessionist authority,autorité sécessioniste,autoridades secesionistas,autorità secessionista,سلطة انفصالية
Phrase,N,A,Taiwan,secessionist DPP,,,,,separatist authority,autorité séparatiste,autoridades separatistas,autorità separatiste,سلطة انشقاقية
Phrase,N,A,Taiwan,,Loaded label that assumes Taiwan is a part of the PRC.,"Zhu Fenglian, a spokesperson for the Taiwan Affairs Office of the State Council, warned the Democratic Progressive Party (DPP) authority in Taiwan and ""Taiwan independence"" separatist forces not to misjudge the situation and act willfully on the path for ""Taiwan independence,"" which leads to nowhere.",China.org.cn,http://www.china.org.cn/china/2021-07/29/content_77658829.htm,separatist forces,Forces séparatistes,fuerzas separatistas,forze separatiste ,القوى الانشقاقية
Phrase,N,A,Taiwan,separatist forces,,,,,secessionist forces,forces sécessionistes,fuerzas secesionistas,forze secessioniste,القوى الانفصالية
Phrase,N,A,Taiwan,,Loaded label that assumes Taiwan is a part of the PRC.,,,,separatist activity,activité séparatiste,actividad separatista,attività saparatiste,نشاط انفصالي
Phrase,N,A,Taiwan,separatist activity,,,,,secessionist activity,activité sécessioniste,actividad secesionista,attività secessioniste,نشاط انشقاقي
Phrase,N,A,Taiwan,Taiwan separatist,,,,,Taiwan secession,sécession de Taiwan,secesión de Taiwán,secessione di Taiwan,انفصال تايوان
Phrase,N,A,Taiwan,Taiwan separatist,,,,,Taiwan secessionist,sécessioniste taiwanais,secesionismo taiwanés,secessionisti di Taiwan;secessionisti taiwanesi,تايوان الانفصالية
Phrase,N,A,Taiwan,Taiwan separatist,,,,,Taiwan separatism,séparatisme taiwanais,separatismo taiwanés,separatismo di Taiwan,انشقاق تايوان
Phrase,N,A,Taiwan,,Loaded label that assumes Taiwan is a part of the PRC.,Chinese President Xi Jinping on Saturday sent the latest stern warning to Taiwan separatists and their supporters.,Xinhua,http://www.news.cn/english/2021-10/09/c_1310235109.htm,Taiwan separatist,séparatiste taiwanais,separatista taiwanés,separatisti di Taiwan;separatisti taiwanesi,تايوان الانشقاقية
Phrase,N,A,Taiwan,,Loaded label that assumes Taiwan is a part of the PRC.,"China's Anti-Secession Law stipulates the scenarios when the state has to employ non-peaceful means and other necessary measures to protect its sovereignty and territorial integrity, and delineates the legal bottom line and the ""red line"" of China, said Zhu.",China.org.cn,http://www.china.org.cn/china/2021-11/24/content_77891161.htm,anti-secession,Anti-sécession,anti-secesionismo ,anti-secessione,مناهضة الانفصال
Phrase,N,A,Taiwan,anti-secession,Loaded label that assumes Taiwan is a part of the PRC.,,,,anti-separatism,anti-séparatisme,anti-separatismo,anti-separatismo,مناهضة الانشقاق
Phrase,N,R,Taiwan,reunification,"Made (R)edundant by ""reunification"" on its own",,,,national reunification,réunification nationale,reunificación nacional,riunificazione nazionale,التوحيد الوطني
Phrase,N,R,Taiwan,reunification,"Made (R)edundant by ""reunification"" on its own",,,,reunification by force,réunification par la force,reunificación por la fuerza,riunificazione con la forza,التوحيد بالقوة
Phrase,V,A,Taiwan,,,,,,reunify Taiwan,réunifier Taiwan,reunificar Taiwán,riunificare Taiwan,توحيد تايوان
Phrase,N,R,Taiwan,reunification,"Made (R)edundant by ""reunification"" on its own",,,,reunification of Taiwan,réunification de Taiwan,reunificación de Taiwán,riunificazione di Taiwan,إعادة توحيد تايوان
Phrase,N,A,Taiwan,,"Characterizing the annexation of Taiwan as ""re-unification"": ""re"" implies that Taiwan was once a part of the PRC; ""unification"" is a soft gloss on annexation, particularly when ""by force"" is added (which it often is).","Ma Xiaoguang, spokesperson for the Taiwan Affairs Office of the State Council, urged the U.S. government and relevant departments to stop any form of military ties with China's Taiwan region, as well as give up their dangerous attempt at obstructing China's reunification through military support to Taiwan.",China.org.cn,http://www.china.org.cn/china/2021-12/18/content_77938789.htm,reunification,réunification,reunificación,riunificazione,لم الشمل
Phrase,N,A,Taiwan,reunification,,,,,reunify,réuinifier,reunificar,riunificare,إعادة التوحيد
Phrase,N,O,Taiwan,,The CCP policy is not to refer to the Taiwan president as a president as this implies the reality of Taiwan's independence.,,,,President Tsai Ying-wen,Présidente Tsai Ing-wen,Presidenta Tsai Ing-wen,Presidente Tsai Ing-wen,الرئيس تساي (إنغ ون)
Phrase,N,O,Taiwan,,The CCP policy is not to refer to the Taiwan president as a president as this implies the reality of Taiwan's independence.,,,,Taiwan's president,Présidente de Taiwan,Presidenta de Taiwán,Presidente di Taiwan,رئيس تايوان
Phrase,V,O,Taiwan,,,,,,threaten Taiwan with invasion,Menacer Taiwan d'invasion,amenazar con invadir Taiwan,minacciare Taiwan di invasione,تهدد تايوان بالغزو
Phrase,V,O,Taiwan,,,,,,invade Taiwan,envahir Taiwan,invadir Taiwan,invadere Taiwan,غزو ​​تايوان
Phrase,N,O,Taiwan,,"The CCP policy is not to use the term ""Taiwanese"" as it implies the reality of Taiwan's independence. However, in practice, we do see terms like ""young Taiwanese"" and ""Taiwanese company"" in the PRC state media occasionally.","Lithuanian President Gitanas Nauseda on Tuesday acknowledged as a mistake the country's decision to allow the opening of a ""representative office"" in Vilnius under the name of ""Taiwanese"" instead of ""Taipei.""",Xinhua,https://english.news.cn/20220106/2330ed115ff745deb1d3d464f0520073/c.html,Taiwanese,Taiwanais,taiwanés ,Taiwanese,تايواني
Phrase,N,A,COVID Origins,,,,,,USA virus,virus américain,virus americano,virus americano,فيروس الولايات المتحدة الأمريكية
Phrase,V,A,COVID Origins,,,,,,hype lab leak theory,théorie de la fuite du laboratoire hype,teoría exagerada de fuga de laboratorio,"teoria della ""fuga dal laboratorio""",تضخيم نظرية تسرب المختبر
Phrase,V,A,COVID Origins,,,,,,investigate Fort Detrick,enquête sur Fort Detrick,investigar a Fort Detrick,indagare sul Fort Detrick,التحقيق في فورت ديتريك
Phrase,N,A,COVID Origins,,,,,,smoke screen tactics,tactiques d'écran de fumée,tácticas de cortina de humo,tecnica della cortina fumogena,تكتيكات شاشة الدخان
Phrase,V,O,COVID Origins,,,,,,"China lied, people died","La Chine a menti, des gens sont morts","China mintió, la gente murió","la Cina mente, la gente muore",الصين كذبت ، مات الناس
Phrase,N,O,COVID Origins,,,,,,Wuhan virus,Le virus de Wuhan,virus de Wuhan,virus di Wuhan,فيروس ووهان
Phrase,N,O,COVID Origins,,,,,,China virus,le virus chinois,virus chino,virus cinese,فيروس الصين
Phrase,N,A,COVID Origins,,,,,,political virus,virus politique,virus político,virus politico,الفيروس السياسي
Phrase,V,A,COVID Origins,,,,,,political manipulation of the disease,manipulation politique de la maladie,manipulación política de la enfermedad,manipolazione politica della malattia,التلاعب السياسي بالمرض
Phrase,V,A,COVID Origins,,,,,,scapegoating China,La Chine comme bouc émissaire,China como cabeza de turco,incolpare la Cina,الصين كبش فداء
Phrase,N,A,COVID Origins,,,,,,anti-pandemic cooperation,coopération anti-pandémie,cooperación anti-pandémica,cooperazione anti pandemia,التعاون لمكافحة الوباء
Phrase,N,A,COVID Origins,,,,,,,,,,التعاون ضد الوباء
Phrase,V,A,COVID Origins,,,,,,politicization of origins tracing,la politisation de la recherche des origines,politización del rastreo del origen,politicizzazione della ricerca dell'origine,تسييس تتبع الأصول
Phrase,N,A,COVID Origins,,,,,,virus origin tracing terrorism,terrorisme de traçage de l'origine des virus,terrorismo de rastrear el virus,terrorismo della ricerca sull'origine del virus,ارهاب تتبع اصول الفيروس
Phrase,N,A,COVID Origins,,,,,,Disunited America,Amérique désunie,desunir a América,America disunita,أمريكا المفككة
Phrase,V,A,COVID Origins,,,,,,China bought precious time,La Chine a gagné un temps précieux,China ganó un tiempo precioso,la Cina ha guadagnato tempo prezioso,اشترت الصين وقتا ثمينا
Phrase,V,A,General,,,,,,smear China,Diffamer la Chine,difamar a China,diffamare la Cina,تشويه الصين
Phrase,V,A,General,,,,,,undermine China,affaiblir la Chine,socavar a China,indebolire la Cina,تقويض الصين
Phrase,V,A,General,,,,,,interfere in China,s'immiscer dans les affaires chinoises,interferir en los asuntos de China,interferire negli affari interni della Cina,تتدخل في الصين
Phrase,N,A,General,,Catchphrase meant to chastize other countries banding together to resist the expansion and projection of CCP power.,"Stressing the fact that U.S. President Joe Biden's recent remarks of not seeking a ""new Cold War"" had drawn attention from all sides, Wang said the key is to make this statement into substantial actions, such as giving up the Cold War mentality, ideological bias and a tendency for bloc confrontation.",Xinhua,http://www.news.cn/english/2021-09/23/c_1310205312.htm,Cold War mentality,mentalité de guerre froide,mentalidad de Guerra Fría,mentalità da Guerra Fredda,عقلية الحرب الباردة
Phrase,V,A,General,,,,,,impede China,Entraver la Chine,impedir a China,ostacolare la Cina,تعيق الصين
Phrase,N,A,General,,"Thought-terminating characterization of anything deemed contrary to the CCP's interests, deployed in numerous contexts.","The escalating, bipartisan anti-China rhetoric in both Congress and the White House not only damages the diplomatic and political relationships needed to move forward, but also bolsters racist, right-wing movements in the United States, fuels violence against people of East and Southeast Asian descent, said the letter.",China.org.cn,http://www.china.org.cn/world/2021-07/09/content_77615739.htm,anti-China,anti-Chine,anti-China,anti-Cina,ضد الصين
Phrase,N,A,General,,CCP catchphrase for PRC's various territorial claims.,"There is only one China in the world, and Taiwan is an inalienable part of China.",Xinhua,http://www.news.cn/english/2021-09/29/c_1310217791.htm,inalienable part of China,partie inaliénable de la Chine,parte inalienable de China,parte inalienabile della Cina,جزء لا يتجزأ من الصين
Phrase,V,A,General,,,,,,justice naturally inhabits man's heart,la justice habite naturellement le cœur de l'homme,la justicia habita naturalmente en el corazón de la gente,la giustizia risiede per natura nel cuore umano,يسكن العدل قلب الإنسان بشكل طبيعي
Phrase,V,A,General,,,,,,justice resides in people's hearts,la justice réside dans le cœur des gens,la justicia reside en el corazón de la gente,la giustizia risiede nel cuore delle persone,يسكن العدل في قلوب الناس
Phrase,N,A,General,,CCP catchphrase intended to highlight PRC cooperation.,"China and Mongolia are friendly neighbors linked by mountains and rivers, and their building of a community with a shared future has been constantly deepened, Wei said during a meeting with Saikhanbayar.",China.org.cn,http://www.china.org.cn/world/2021-07/27/content_77653598.htm,community with a shared future,communauté de destin partagé,comunidad de futuro compartido,comunità dal futuro condiviso,مجتمع بمستقبل مشترك
Phrase,N,A,General,,Characterizing the state of affairs in the world as serving US interests serves the CCP's aim to characterize the world order as unfair and in need of change.,"Hammering China with expansive sanctions has resulted in diminishing returns and can only undermine U.S. hegemony, said a Canada-based geo-strategist.",Xinhua,http://www.xinhuanet.com/english/asiapacific/2021-07/10/c_1310054039.htm,U.S. hegemony,hégémonie américaine,hegemonía americana,egemonia degli USA,الهيمنة الأمريكية
Phrase,N,A,General,U.S. hegemony,,,,,hypocrisy of America,Hypocrisie de l'Amérique,hipocresía de América,ipocrisia dell'America,نفاق أمريكا
Phrase,N,A,General,U.S. hegemony,,"These days, as the chaotic geopolitical landscape continues to come undone, creating greater and greater anxiety amongst the citizens of the world, I find myself waking up each day glad to know that the U.S.-led Western hegemony is falling apart at the seams while China is steadily rising up as the new largest, safe, stable, successful and capable country on the planet.",China.org.cn,http://www.china.org.cn/opinion/2021-11/11/content_77866000.htm,Western hegemony,hégémonie occidentale,hegemonía occidental,egemonia occidentale,الهيمنة الغربية
Phrase,N,A,General,,Catchphrase meant to chastize other countries banding together to resist the expansion and projection of CCP power.,"The three countries draw lines with ideology and create new military blocs, and will exacerbate geographical tensions, said Wang, adding that, at a time when the international community generally opposed the Cold War and division, the United States flagrantly violated its policy of not engaging in a new Cold War, organized an Anglo-Saxon ""small circle"" and placed its geopolitical interests above international solidarity -- a typical Cold War mentality.",Xinhua,https://english.news.cn/20211015/C99FC98509700001F4F31BB410077800/c.html,new Cold War,nouvelle guerre froide,nueva Guerra Fría,nuova Guerra Fredda,الحرب الباردة الجديدة
Phrase,N,A,General,,Characterizing human rights concerns as a pretext for something else is intended to distract from the PRC's human rights violations.,"Zhang said that these anti-China forces made wanton accusations against China and, applied double standards on Xinjiang-related issues under the pretext of human rights to undermine the local industries and make trouble for China's development.",China.org.cn,http://www.china.org.cn/world/2021-09/30/content_77784856.htm,under the pretext of human rights,sous le prétexte des droits de l'homme,pretexto/excusa de los derechos humanos,con il pretesto dei diritti umani,بحجة حقوق الإنسان
Phrase,N,A,General,,Used as a whataboutism device to distract from the CCP's abuses of human rights and civil liberties.,"Inviting such a despicable figure [Nathan Law] to the meeting has once again exposed U.S. hypocrisy in using ""democracy"" to serve its self-interest and collude with anti-China forces in Hong Kong, as well as its intention of undermining Hong Kong's prosperity and stability and interfering in China's internal affairs.",Xinhua,http://www.news.cn/english/2021-12/12/c_1310367630.htm,U.S. hypocrisy,hypocrisie américaine,hipocresía americana,ipocrisia statunitense,نفاق أمريكي
Phrase,V,A,General,,,,,,use human rights,utiliser les droits de l'homme,usar los derechos humanos,usare i diritti umani,استخدام حقوق الإنسان
Phrase,V,A,General,,,,,,stop China's development,arrêter le développement de la Chine,frenar el desarrollo de China,bloccare lo sviluppo della Cina,وقف تنمية الصين
Phrase,V,A,General,,,,,,,,,ostacolare lo sviluppo della Cina,
Phrase,V,A,General,,,,,,divide China,diviser la Chine,dividir a China,dividere la Cina,تقسيم الصين
Phrase,N,A,General,,"The PRC is not a democracy, however the CCP is sensitive about the moral force of democracy, and makes efforts to present their system of governance as a special kind of democracy that is totally unrecognizable from any normal definition of the concept.","Noting China's success in lifting hundreds of millions of people out of poverty, a remarkable achievement that attracts global attention, Charles Tang, chairman of the Brazil-China Chamber of Commerce and Industry, said China's democratic system has provided a fundamental guarantee for the development endeavour of the people.",Xinhua,http://www.news.cn/english/2021-12/14/c_1310372399.htm,China's democratic system,le système démocratique chinois,sistema democrático chino,sistema democratico della Cina,النظام الديمقراطي في الصين
Phrase,V,A,General,,,,,,suppress China,supprimer la Chine,supresión de China,reprimere la Cina,قمع الصين
Phrase,N,A,General,,"Part of CCP ideology, attempting to claim a consistent thread between thousands of years of history in the China area and current CCP rule and sovereignty.",,,,civilization-state,Etat-civilisation,Estado-civilización,stato-civiltà,دولة الحضارة
Phrase,N,A,General,,"CCP catchphrase roughly equivalent to the thought-terminating ""anti-China.""",,,,chariot against China,char contre la Chine,,il carro contro la Cina,عربة ضد الصين
Phrase,N,A,General,,Catchphrase attempting to dismiss criticism of the CCP's legal and human rights violations both internally and internationally as nobody's business.,"Stressing that China's positions on issues relating to Hong Kong, Xinjiang and Taiwan, as well as maritime issues, are consistent and clear, Wang said the Chinese side firmly opposes the G7's attempt to interfere in China's domestic affairs, smear its image and harm its interests.",Xinhua,https://english.news.cn/20211015/C9A3F7AEB4200001776015FA2CFF1DCE/c.html,China's domestic affairs,les affaires intérieures chinoises,aasuntos interenos de China,affari interni della Cina,الشؤون الداخلية للصين
Phrase,N,A,General,China's domestic affairs,,,,,China's internal affairs,les affaires internes chinoises,asuntos internos de China,affari interni della Cina,الشؤون الداخلية الصينية
Phrase,N,A,General,China's domestic affairs,,,,,external interference,Ingérence étrangère,interferencia externa,interferenze esterne,تدخل خارجي
Phrase,N,A,General,inalienable part of China,,,,,a part of china,Une partie de la Chine,una parte de China,una parte della Cina,جزء من الصين
Phrase,N,A,General,,,"The Office of the Commissioner of the Chinese Foreign Ministry in the Hong Kong Special Administrative Region (HKSAR) said Friday that a fact sheet on U.S. interference in Hong Kong affairs released by the Chinese Foreign Ministry is a strong response to the U.S. bullying acts such as the so-called ""Hong Kong Business Advisory"" and its sanctions on officials of the central government in the HKSAR.",Xinhua,http://www.news.cn/english/2021-09/24/c_1310207505.htm,U.S. interference,ingérence américaine,interferencia de Estados Unidos,ingerenze degli USA,تدخل الولايات المتحدة
Phrase,N,O,General,,According to the CCP there is no repression in the PRC.,"Her allegation came just three months before Beijing hosts the Winter Olympics, which have been the target of a boycott campaign from multiple human rights organizations largely over China's repression of Uyghur Muslims.",The Independent,https://www.independent.co.uk/news/china-twitter-women-s-tennis-association-weibo-taiwan-b1960048.html,China's repression,Répression de la Chine,represión de China,la repressione della Cina,قمع الصين
Phrase,N,O,General,China's repression,,,,,Chinese repression,répression chinoise,represión china,repressione cinese,القمع الصيني
Phrase,N,O,General,China's repression,,,,,Chinese human rights abuses,Violations des droits de l'homme en Chine,violación de los derechos humanos en China,violazione dei diritti umani in Cina,انتهاكات حقوق الإنسان الصينية
Phrase,N,O,General,,Unflattering description of CCP governance.,"The Communist Chinese regime chose Zhao Jiawen and Dinigeer Yilamujiang, an Uyghur athlete, to light the Olympic flame at the Winter Games Opening Ceremony in a blatant propaganda attempt to deflect claims it is guilty of genocide of the Muslim minority.",Daily Mail,https://www.dailymail.co.uk/news/article-10477963/Savannah-Guthrie-criticized-falling-Chinese-propaganda-talking-Olympic-flame-lighting.html,Chinese regime,régime chinois,régimen chino,regime cinese,النظام الصيني
Phrase,N,O,General,,Unflattering description of CCP governance.,"President Xi Jinping, who has recently anointed himself on a par with Mao Tsetung, is another crazed Chinese dictator in the 21st century.",The Independent,https://www.independent.co.uk/voices/chinese-communist-party-xi-jinping-uyghur-b1973573.html,Chinese dictator,dictateur chinois,dictador chino,dittatori cinesi,دكتاتور صيني
Phrase,N,O,General,,"In languages other than Mandarin, CCP propaganda is at pains to downplay its expansionist goals.","Contrary to his talk of “win-win” schemes, through his Belt and Road Initiative (BRI) projects in countries around the world Xi Jinping is plainly pursuing his expansionist global ambition.",The Independent,https://www.independent.co.uk/voices/chinese-communist-party-xi-jinping-uyghur-b1973573.html,expansionist global ambition,une ambition mondiale expansionniste,ambición expansionista global,ambizioni espansionistiche globali,طموحات توسعية عالمية
Phrase,V,A,General,,,,,,to split China,Diviser la Chine,dividir China,dividere la Cina,لتقسيم الصين
Phrase,V,A,General,,,,,,condemn the U.S.,condamner les Etats-Unis,condena a Estados Unidos,condannare gli Stati Uniti,شجب الولايات المتحدة
Phrase,V,A,Hong Kong,,,,,,interference in china,ingérence en Chine,interferencia en china,ingerenze in Cina,تدخل في الصين
Phrase,V,A,Hong Kong,,,,,,interfering in china,ingérence en chine,injerencia en china,interferire in Cina,التدخل في الصين
Phrase,N,O,General,Tiananmen massacre,,,,,Tiananmen victims,victimes de Tian'anmen,víctimas de Tiananmen,vittime di Tiananmen,ضحايا تيانانمن
Phrase,N,O,General,,The CCP has tried to whitewash this episode on their history and denies its existence.,"The Tiananmen massacre, in which hundreds and possibly thousands were killed, was a pivotal moment at which a divided Communist Party leadership decided to suppress the democracy movement rather than allow it to grow.",The Independent,https://www.independent.co.uk/asia/china/hong-kong-university-tiananmen-memorial-b1981394.html,Tiananmen massacre,massacre de Tian'anmen,masacre de Tiananmen,massacro di Tiananmen,مذبحة تيانانمن
Phrase,N,O,General,Tiananmen massacre,,,,,Tiananmen Square vigil,Vigile de la place Tiananmen,vigilia en la Plaza de Tiananmen,vigilia di piazza Tiananmen,وقفة احتجاجية في ساحة تيانانمن
Phrase,V,A,General,,,,,,oppose the U.S.,s'opposer aux États-Unis.,oponerse a Estados Unidos,opporsi agli Stati Uniti,عارض الولايات المتحدة
Phrase,N,O,General,Tiananmen massacre,,,,,Tiananmen Square massacre,massacre de la place Tian'anmen,masacre de la plaza de Tiananmen,massacro di piazza Tiananmen,مذبحة ساحة تيانانمن
Phrase,N,O,General,Tiananmen massacre,,,,,Tiananmen crackdown,répression de Tian'anmen,represión de Tiananmen,repressione di Tiananmen,قمع تيانانمن
Phrase,V,A,Xinjiang,,,,,,fighting terrorism,combattre le terrorisme,lucha contra el terrorismo,combattere il terrorismo,محاربة الإرهاب
Phrase,N,A,Xinjiang,,"CCP's prefered framing of their Xinjiang policies, distracting from human rights violations.","""The Chinese government has upheld a people-centered approach to human rights protection and chosen to counter terrorism by rebuilding the society in a peaceful way,"" said Anayat, ""including educating the people and giving them jobs.""",China.org.cn,http://www.china.org.cn/china/2021-09/30/content_77795169.htm,counter terrorism,contre-terrorisme,contraterrorismo,contrastare il terrorismo,مكافحة الإرهاب
Phrase,N,A,Xinjiang,counter terrorism,,,,,anti-terrorism,anti-terrorisme,antiterrorismo,anti terrorismo,ضد الإرهاب
Phrase,N,A,Xinjiang,,"CCP's prefered framing of their Xinjiang policies, distracting from human rights violations.",,,,Xinjiang violence,Violence au Xinjiang,violencia en Xinjiang,violenza in Xinjiang;violenza nello Xinjiang,عنف شينجيانغ
Phrase,V,A,Xinjiang,,,,,,Xinjiang is a good place,Le Xinjiang est un bon endroit,Xinjiang es un buen lugar,il Xinjiang è un bel posto,شينجيانغ مكان جيد
Phrase,V,A,Xinjiang,,,,,,Xinjiang is a great place,Le Xinjiang est un endroit formidable,Xinjiang es un gran lugar,Il Xinjiang è un luogo meraviglioso,شينجيانغ مكان رائع
Phrase,N,A,Xinjiang,,"CCP's prefered framing of their Xinjiang policies, distracting from human rights violations.","""I sincerely believe that the work done to eradicate religious extremism is bearing fruit,"" [Pierre Mirochnikoff] said, adding that the facts are there for all to see, ""and facts speak louder than anything else.""",Xinhua,http://www.news.cn/english/2021-11/27/c_1310335473.htm,religious extremism,extrémisme religieux,extremismo religioso,estremismo religioso,التطرف الديني
Phrase,N,A,Xinjiang,,"CCP's prefered framing of their Xinjiang policies, distracting from human rights violations.","""The United States, while persecuting Muslims and carrying out de-Islamization, is hurling accusations at China's de-radicalization efforts in Xinjiang,"" Liu said.",China.org.cn,http://www.china.org.cn/china/2021-08/13/content_77690361.htm,de-radicalization,déradicalisation,des-radicalización,de-radicalizzazione,إزالة التطرف
Phrase,V,A,Xinjiang,,,,,,lie about the situation in Xinjiang,mensonge au sujet de la situation au Xinjiang,mentiras sobre la situación en Xinjiang,menzogne sulla situazione in Xinjiang,كذب بشأن الوضع في شينجيانغ
Phrase,V,A,Xinjiang,,,,,,politicalizing Xinjiang,Politiser le Xinjiang,politizar Xinjiang,politicizzazione del Xinjiang,تسييس شينجيانغ
Phrase,N,A,Xinjiang,,"CCP's prefered framing of their Xinjiang policies, distracting from human rights violations.",,,,East Turkistan separatism,séparatisme sur le Turkestan oriental,separatismo del Turkestán oriental,separatismo del Turkestan orientale,انفصالية تركستان الشرقية
Phrase,N,A,Xinjiang,,Slogan attempting to dismiss concerns about human rights by attacking the accusers as dishonest.,"He emphasized that the accusation of ""genocide"" and ""forced labor"" in Xinjiang is a lie of the century, but it has become a politically correct thing in the United States.",Xinhua,https://english.news.cn/20211015/C9A3F7AEB8F000011D59269DE730A580/c.html,lie of the century,le mensonge du siècle,la mentira del siglo,menzogna del secolo,كذبة القرن
Phrase,N,A,Xinjiang,,Slogan attempting to dismiss concerns about human rights by attacking the accusers as dishonest.,"""It is not difficult to see that the real fabricators and 'beneficiaries' of Xinjiang-related lies are some anti-China forces in the United States,"" Wang noted.",China.org.cn,http://www.china.org.cn/world/2022-01/15/content_77991019.htm,Xinjiang related lies,Les mensonges liés au Xinjiang,mentiras relacionadas con Xinjinag,menzogne sul Xinjiang,أكاذيب متعلقة بشينجيانغ
Phrase,N,A,Xinjiang,,Slogan attempting to dismiss concerns about human rights by attacking the accusers as dishonest.,,,,the US genocide lie,le mensonge américain sur le génocide,la mentira americana/de Estados Unidos sobre el genocidio,la menzogna statunitense sul genocidio ,كذبة الولايات المتحدة عن الإبادة الجماعية
Phrase,N,A,Xinjiang,,Slogan attempting to dismiss concerns about human rights by denying the evidence.,#Opinion: Xinjiang’s population data shows Uygur ethnic group has increased by 1.623 million in past decade. “Genocide” that can never be proven has now been called “slow genocide” by some Westerners.,Global Times,https://twitter.com/globaltimesnews/status/1407299552659460104,genocide that can never be proven,un génocide qui ne pourra jamais être prouvé,genocidio que nunca podrá ser probado,genocidio che non si potrà mai dimostrare,إبادة جماعية لا يمكن إثباتها
Phrase,N,A,Xinjiang,,Slogan attempting to dismiss concerns about human rights by attacking the accusers.,"While people in Xinjiang live in peace &security, some ill-minded Western politicians &fact-distorting journalists, some of whom have never set foot in China, are engineering a bizarre story of ""genocide"" in the region.",PRC consulate in Sydney,https://twitter.com/ChinaConSydney/status/1365196902032171012,bizarre story of genocide,une étrange histoire de génocide,extraña historia de genocidio,bizzarra storia sul genocidio,قصة إبادة جماعية غريبة
Phrase,N,A,Xinjiang,,Dismissive characterization of concerns about human rights abuses.,"At the recent 48th session of the United Nations Human Rights Council, some Western countries made groundless accusations against China over Xinjiang-related issues based on disinformation, rumors, and lies, said Xu Guixiang, a spokesperson with the regional government, at a press conference in Beijing.",Xinhua,http://www.news.cn/english/2021-10/12/c_1310238191.htm,groundless accusations,accusations sans fondement,acusaciones infundadas,accuse senza fondamento,اتهامات لا أساس لها
Phrase,N,A,Xinjiang,,Dismissive slogan attempting to sow doubt.,"The output of the cotton textile industry in the Xinjiang Uygur autonomous region and exports of its products both achieved significant growth this year despite a boycott of cotton and textile products from the region amid allegations of so-called forced labor, business insiders said.",China.org.cn,http://www.china.org.cn/business/2021-11/18/content_77879864.htm,so-called forced labor,le soi-disant travail forcé,los llamados trabajos forzados,cosiddetto lavoro forzato,ما يسمى بالسخرة
Phrase,N,A,General,,Dismissive slogan attempting to sow doubt.,"Several human rights groups based in London and New York recently reported so-called human rights abuses linked to Chinese business operations abroad, smearing Belt and Road projects and China's outbound investment.",Xinhua,http://www.xinhuanet.com/english/2021-08/13/c_1310125398.htm,so-called human rights abuses,les soi-disant violations des droits de l'homme,las llamadas violaciones de los derechos humanos,cosiddetta violazione dei diritti umani,ما يسمى انتهاكات حقوق الإنسان
Phrase,N,A,General,so-called human rights abuses,,,,,alleged human rights abuses,violations présumées des droits de l'homme,presuntas violaciones de los derechos humanos,presunte violazioni dei diritti umani,انتهاكات حقوق الإنسان المزعومة
Phrase,N,A,Xinjiang,,CCP's preferred framing of the internment camps.,"Workers of all ethnic groups in Xinjiang, including graduates from the vocational education and training centers, always choose their jobs of their own volition.",People's Daily,http://en.people.cn/n3/2021/0927/c90000-9901656.html,vocational education,l'enseignement professionnel,educación vocacional,formazione professionale,التعليم المهني
Phrase,N,R,Xinjiang,,Made redundant by vocational education,,,,vocational education center,centre d'éducation professionnelle,centro de eduación vocacional,centri di formazione professionale ,مركز التعليم المهني
Phrase,N,A,Xinjiang,,CCP's preferred framing of the internment camps.,,,,transformation through education,la transformation par l'éducation,transformación a través de la educación,trasformare attraverso l'educazione,التحول من خلال التعليم
Phrase,N,A,Xinjiang,,Catchphrase employed by the CCP as a device for Whataboutism regarding human rights concerns.,"To do this, countries like the United States should stop abusing its war on terror as a pretext for intervention, and abandon their double standards in fighting terrorism, as those acts gravely undermine the much-needed global cooperation.",Xinhua,http://www.news.cn/english/2021-09/12/c_1310182909.htm,double standards,double standards,doble rasero,doppio standard,المعايير المزدوجة
Phrase,N,A,Xinjiang,,Catchphrase employed by the CCP as a device for Whataboutism regarding human rights concerns.,"Some Westerners show double standards, hypocrisy on #Xinjiang",People's Daily,https://twitter.com/PDChina/status/1359457084056731648,hypocrisy on Xinjiang,hypocrisie sur le Xinjiang,hipocresía sobre Xinjiang,ipocrisia sul Xinjiang,النفاق عن شينجيانغ
Phrase,N,A,Xinjiang,,Slogan attempting to dismiss concerns about human rights by attacking the accuser.,"In the past two years, based on so-called Xinjiang-related research reports concocted by pseudo-scholars such as Adrian Zenz, and experiences of some so-called ""witnesses,"" the United States has wooed anti-China forces in the West to make up and disseminate fallacies related to Xinjiang, falsely accuse China of committing genocide against Uygurs in Xinjiang, defame China's policy on Xinjiang, grossly interfere in China's internal affairs, and announce sanctions against Chinese entities and individuals, in an attempt to deceive the international community and disrupt Xinjiang's stability and development.",Xinhua,http://www.news.cn/english/northamerica/2021-08/24/c_1310145560.htm,Western pseudo scholar,Pseudo savant occidental,pseudo académico occidental,pseudo studiosi occidentali,عالم غربي زائف 
Phrase,V,A,Xinjiang,,,,,,spread lies about Xinjiang,diffuser des mensonges sur le Xinjiang,difundir mentiras sobre Xinjiang,diffondere menzogne sul Xinjiang,نشر الأكاذيب حول شينجيانغ
Phrase,V,A,Xinjiang,,,,,,eradicate terrorism and extremism at the root,éradiquer le terrorisme et l'extrémisme à la racine,erradicar el terrorismo y el extremismo desde la raíz,estirpare il terrorismo e l'estremismo alla radice,استئصال جذور الإرهاب والتطرف
Phrase,N,A,Xinjiang,,Slogan attempting to dismiss concerns about human rights by attacking the accuser.,"The so-called ""genocide"" stemmed from a single source: a paper by far-right ideologue Adrian Zenz",Xinhua,https://twitter.com/XHNews/status/1364977665522892803,ideologue Adrian Zenz,l'idéologue Adrian Zenz,ideólogo Adrian Zenz,ideologo Adrian Zenz,المنظر أدريان زينز
Phrase,V,A,Xinjiang,,,,,,undermine security and stability,compromettre la sécurité et la stabilité,comprometer la seguridad y estabilidad,minacciare la sicurezza e la stabilità,يقوض الأمن والاستقرار
Phrase,V,A,Xinjiang,,,,,,hinder the development of Xinjiang,entraver le développement du Xinjiang,impedir el desarrollo de Xinjiang,ostacolare lo sviluppo del Xinjiang,تعيق تنمية شينجيانغ
Phrase,V,A,Xinjiang,,,,,,fabricate lies over China's Xinjiang,fabriquer des mensonges sur le Xinjiang chinois,fabricación de mentiras sonbre el Xinjiang chino,inventare menzogne sul Xinjiang,أكاذيب ملفقة حول شينجيانغ الصينية
Phrase,V,A,Xinjiang,,,,,,twist facts about Xinjiang,Faits marquants sur le Xinjiang,manipulación de hechos sobre Xinjiang,distorcere i fatti sul Xinjiang,تحريف الحقائق حول شينجيانغ
Phrase,V,A,Xinjiang,,,,,,slander Xinjiang,calomnier le Xinjiang,calumniar Xinjiang,diffamare il Xinjiang,افتراء بحق شينجيانغ
Phrase,V,A,Xinjiang,,,,,,hype Xinjiang topic,battage médiatique sur le Xinjiang,batalla mediática sobre Xinjian,il clamoroso argomento del Xinjiang,تضخيم موضوع شينجيانغ
Phrase,N,O,Xinjiang,,A characterization of the internment camps unfavorable to the CCP.,"Four years after Beijing launched a brutal crackdown that swept up to a million or more Uyghurs and other mostly Muslim minorities into detention camps and prisons, its control of Xinjiang has entered a new era.",The Independent,https://www.independent.co.uk/news/xinjiang-uyghurs-china-chinese-beijing-b1935591.html,detention camp,camp de détention,campo de detención,campi di detenzione,معسكر اعتقال
Phrase,N,O,Xinjiang,,A characterization of the internment camps unfavorable to the CCP.,"Tapper also noticed that these industries were failing to recognize issues such as the detainment of over one million Uighurs, as well as other minority groups, at the Xinjiang internment camps in western China.",Daily Mail,https://www.dailymail.co.uk/news/article-10280231/CNNs-Jake-Tapper-slams-major-corporations-blinded-Chinese-cash.html,Xinjiang internment camp,camp d'internement au Xinjiang,campo de internamiento de Xinjiang,campi di internamento in Xinjiang,معسكر اعتقال شينجيانغ
Phrase,N,O,Xinjiang,,A characterization of the internment camps unfavorable to the CCP.,"But since then, Beijing has torn-up the 'one country, two systems' treaty on Hong Kong; put upwards of a million Uighurs into concentration camps; boosted cyber spying on its own citizens; cancelled popular personalities in favour of a cult of the new red emperor; brutalised Indian soldiers in the Himalayas; coerced other claimants in its eastern seas; and flown ever-more intimidatory sorties against Taiwan,' he said.",Daily Mail,https://www.dailymail.co.uk/news/article-10071435/Tony-Abbott-warns-war-China-break-quite-soon-Taiwan.html,concentration camp in Xinjiang;concentration camps in Xinjiang,camp de concentration au Xinjiang,campo de concentración en Xinjiang;campos de concentración en Xinjiang,campo di concentramento in Xinjiang;campi di concentramento in Xinjiang,معسكرات الاعتقال في شينجيانغ
Phrase,N,O,Xinjiang,,Directly refers to CCP human rights abuses.,"Foreign experts, governments and media have documented the detention of an estimated 1 million or more people, the demolition of mosques and forced sterilization and abortion.",Daily Mail,https://www.dailymail.co.uk/wires/ap/article-10462791/AP-News-Brief-12-04-m-EST.html,forced sterilisation,stérilisation forcée,esterilización forzada,sterilizzazione forzata,التعقيم القسري
Phrase,N,O,Xinjiang,,Directly refers to CCP human rights abuses.,"But the US along with Britain, the European Union, Canada, Australia, New Zealand, Japan, Denmark, Lithuania, Estonia, Latvia, Sweden and the Netherlands did announce a 'diplomatic boycott' citing 'the ongoing genocide and crimes against humanity in Xinjiang and other human rights violations'.",Daily Mail,https://www.dailymail.co.uk/news/article-10447673/How-Beijings-2022-Winter-Olympic-sportswashing-propaganda-mirrors-Hitlers-1936-efforts-Berlin.html,ongoing genocide,génocide en cours,genocidio en curso,genocidio in corso,الإبادة الجماعية المستمرة
Phrase,N,O,Xinjiang,,Directly refers to CCP human rights abuses.,"Shohrat Zakir, the chairman of the region from 2018-2021, and Erken Tuniyaz, who holds the position now and was previously vice chairman, presided over a repressive campaign of forced assimilation that has imprisoned more than 1 million people under brutal conditions and forced labor.",The Independent,https://www.independent.co.uk/news/treasury-department-myanmar-china-antony-blinken-north-korea-b1973899.html,forced assimilation,assimilation forcée,asimilación forzada,assimilazione forzata,انصهار قسري;استيعاب قسري
Phrase,N,O,Xinjiang,,Directly refers to CCP human rights abuses.,,,,mass surveillance,surveillance de masse,vigilancia masiva,sorveglianza di massa,مراقبة الجماهير
Phrase,N,O,Xinjiang,,Directly refers to CCP human rights abuses.,,,,sexual assault,agression sexuelle,agresión sexual,aggressione sessuale,اعتداء جنسي
Phrase,N,O,Xinjiang,,Directly refers to CCP human rights abuses.,,,,persecuted minorities,minorités persécutées,minorías perseguidas,minoranze perseguitate,الأقليات المضطهدة
Phrase,N,O,Xinjiang,,Directly refers to CCP human rights abuses.,,,,sexual violence,violence sexuelle,violencia sexual,violenza sessuale,عنف جنسي
Phrase,N,A,Hong Kong,rioters,,,,,radical protesters,manifestants radicaux,manifestantes radicales,proteste radicali,متظاهرين متطرفين
Phrase,V,A,Hong Kong,,,,,,restore order in Hong Kong,restaurer l'ordre à Hong Kong,restablecer el orden en Hong Kong,ripristinare l'ordine a Hong Kong,استعادة النظام في هونغ كونغ
Phrase,N,A,Hong Kong,rioters,,,,,violent protesters,manifestants violents,manifestantes violentos,manifestanti violenti,المتظاهرين العنيفين
Phrase,V,A,Hong Kong,,,,,,stop violence and restore order,arrêter la violence et rétablir l'ordre,parar la violencia y restablecer el orden,fermare la violenza e ripristinare l'ordine,أوقفوا العنف وأعيدوا النظام
Phrase,N,A,Hong Kong,,Loaded label applied to democracy protestors.,She thus openly urged rioters to take illegal and violent actions against the central government and the HKSAR government.,China.org.cn,http://www.china.org.cn/world/2021-09/24/content_77771831.htm,rioters,émeutiers,manifestantes ,rivoltosi,المشاغبون
Phrase,V,A,Hong Kong,,,,,,stop meddling in Hong Kong,cesser de se mêler des affaires de Hong Kong,cesar intromisión en asuntos de Hong Kong,basta intromettersi negli affari di Hong Kong,توقف عن التدخل في هونغ كونغ
Phrase,N,R,Hong Kong,,"Made Redundant by ""rioters""",,,,masked rioters,émeutiers masqués,manifestantes enmascarados,rivoltosi camuffati,المشاغبون المقنعون
Phrase,V,A,Hong Kong,,,,,,condemn violence,condamner la violence,condenar la violencia,condannare le violenze,إدانة العنف
Phrase,V,A,Hong Kong,,,,,,support police,soutenir la police,apoyo a la policía,sostenere la polizia,دعم الشرطة
Phrase,V,A,Hong Kong,,,,,,condemn rioters,condamner les émeutiers,condena a los manifestantes,condannare i rivoltosi,شجب المشاغبين
Phrase,V,A,Hong Kong,,,,,,patriots administering Hong Kong,patriotes administrant Hong Kong,patriotas administrando Hong Kong,patrioti che amministrano Hong Kong,وطنيون يديرون هونغ كونغ
Phrase,V,A,Hong Kong,,,,,,patriots governing Hong Kong,patriotes gouvernant Hong Kong,patriotas governando Hong Kong,patrioti che governano Hong Kong,وطنيون يحكمون هونغ كونغ
Phrase,N,A,Hong Kong,,Framing of events in HK in terms of protester violence.,,,,anti-violence,anti-violence,anti-violencia,contro la violenza,ضد العنف
Phrase,V,O,Hong Kong,,,,,,beijing imposed,Pékin a imposé,Pekín impuso,Pechino ha imposto,فرضت بكين
Phrase,N,O,Hong Kong,,Framing of events in HK in terms of human rights.,"The fact that the Chinese government decides to enforce such a law in Hong Kong, where there is space for civil liberties and freedom, shows the nature of this regime",The Independent,https://www.independent.co.uk/asia/china/hong-kong-china-tiananmen-allience-b1920487.html,civil liberties,libertés civiles,libertades civiles,libertà civile,الحريات المدنية
Phrase,V,A,Hong Kong,,,,,,safeguard Hong Kong,sauvegarder Hong Kong,salvaguardar Hong Kong,salvaguardare Hong Kong,حماية هونغ كونغ
Phrase,N,ND,Hong Kong,,Could be discussed neutrally using this term.,"Implementation of national education, including national security education, is the legitimate duty of education authorities all over the world. Different places have different approaches to implement national security education and develop their students' sense of national identity, including knowledge of their own history, culture, respective constitution, geography, etc.",China.org.cn,http://www.china.org.cn/china/2021-11/18/content_77879414.htm,national security education,éducation à la sécurité nationale,educación en Seguridad Nacional,educazione alla sicurezza nazionale,تعليم الأمن القومي
Phrase,N,R,Hong Kong,,,,,,Hong Kong's prosperity,prospérité de Hong Kong,prosperidad de Hong Kong,prosperità di Hong Kong,ازدهار هونغ كونغ
Phrase,N,R,Hong Kong,,,,,,stability in Hong Kong,stabilité à Hong Kong,estabilidad en Hong Kong,stabilità a Hong Kong,الاستقرار في هونغ كونغ
Phrase,N,A,Hong Kong,,Framing of impact and importance of events in HK in terms of stability and prosperity at the expense of human rights.,"She said the U.S. claim of offering ""safe haven"" for Hong Kong residents is completely groundless, and its real purpose is to endorse anti-China, destabilizing forces in Hong Kong, undermine Hong Kong's prosperity and stability and curb China's development, she said.",Xinhua,http://www.xinhuanet.com/english/2021-08/09/c_1310116001.htm,stability and prosperity,stabilité et prospérité,estabilidad y prosperidad,stabilità e prosperità,الاستقرار والازدهار
Phrase,V,A,Hong Kong,,,,,,end to violence,fin de la violence,fín de la violencia,fermare la violenza,انهاء العنف
Phrase,N,A,Hong Kong,,Label applied to protests in order to delegitimize them and give the authorities an air of impartiality.,"Jimmy Lai Chee-ying, an instigator of Hong Kong riots, was sentenced to 13-month imprisonment on Monday for taking part in an unauthorized assembly in Hong Kong's Victoria Park last year.",Xinhua,http://www.news.cn/english/2021-12/13/c_1310369885.htm,unauthorized assembly,assemblage non autorisé,concentración no autorizada,assemblee non autorizzate,التجمع غير المصرح به
Phrase,V,A,Hong Kong,,,,,,stop the violence,cesser la violence,cese de la violencia,fermare la violenza,كفى عنفا
Phrase,N,A,Hong Kong,,Label applied to protests to delegitimize them.,"The violent protests in Hong Kong, which caused tremendous damage to public facilities and seriously undermined social stability, were once called ""a beautiful sight to behold.""",Xinhua,http://www.xinhuanet.com/english/2021-07/08/c_1310049934.htm,violent protest,manifestations violentes,protestas violentas,proteste violente,احتجاج عنيف
Phrase,N,A,Hong Kong,,,,,,Hong Kong secessionist,sécessioniste hongkongais,secesionistas de Hong Kong,secessionisti di Hong Kong,هونغ كونغ الانفصالية
Phrase,N,A,Hong Kong,,Label applied to the democracy movement in order to delegitimize them.,"Hong Kong separatist Joshua Wong has no right to beg other countries to interfere in China’s internal affairs, a FM spokesperson said on Mon when asked about media reports that he is calling on the US to include human rights clause in trade agreement with China.",People's Daily,https://twitter.com/PDChina/status/1173519138721009664,Hong Kong separatist,séparatiste hongkongais,separatistas de Hong Kong,separatisti di Hong Kong,هونغ كونغ الانشقاقية
Phrase,N,O,Hong Kong,,Characterization of civil society members involved in the protests as concerned with democracy and rights.,,,,pro-democracy,pro-démocratie,pro-democracia,pro-democrazia,المؤيدة للديمقراطية
Phrase,V,O,Hong Kong,,,,,,imposed by beijing,imposé par Pékin,impuesta por Pekín,imposti da Pechino,التي فرضتها بكين
Phrase,N,O,Hong Kong,,Characterization of HK officials that stresses their connections to the CCP.,,,,pro-Beijing,pro-Pékin,pro-Pekín,pro-Pechino,الموالية لبكين
Phrase,V,O,Hong Kong,,,,,,imposed by China,Imposé par la Chine,impuesta por China,imposto dalla Cina,تفرضها الصين
Phrase,N,O,Hong Kong,,"Gives attention to the controversies around the law, countering CCP whitewashing.","Hong Kong's Apple Daily is a rare paper, unafraid to openly criticise the Chinese state. Its owner Jimmy Lai was arrested under a controversial security law on Monday.",BBC,https://twitter.com/BBCWorld/status/1293206832996024322,controversial security law,Loi sur la sécurité controversée,ley de seguridad controvertida,controversa legge sulla sicurezza,قانون الأمن المثير للجدل
Phrase,N,O,Hong Kong,,The characterization of the CCP's actions as a crackdown is not favorable to the CCP.,"China's crackdown in Hong Kong, a city Beijing said would be a model for how it would rule Taiwan, has also done little to endear Taiwanese to assurances that their way of life would continue under communist party rule.",Daily Mail,https://www.dailymail.co.uk/news/article-10079579/China-warns-Taiwan-no-choice-battlefield.html,china's crackdown,la répression chinoise,represión de China,repressione cinese,قمع الصين
Phrase,N,O,Hong Kong,,Discussion of human rights violations are damaging to the CCP.,"Dr Agnès Callamard, the global organisation’s secretary general, said Amnesty’s Hong Kong team had “shone a light on human rights violations in the darkest of days”.",The Guardian,https://www.theguardian.com/world/2021/oct/25/amnesty-international-to-close-hong-kong-offices-due-to-national-security-law,human rights violations,Violaions des droits de l'homme,violación de derechos humanos,violanzione dei diritti umani,انتهاكات حقوق الإنسان
Phrase,N,O,Hong Kong,,The historical autonomies enjoyed by HK is to highlight a thorn in the side of the CCP and is not something the state media discuss.,"The proposed changes to Hong Kong’s Film Censorship Ordinance would step up censorship of movies in the semi-autonomous city, expanding an ongoing crackdown on political dissent that has led to the closure of various pro-democracy organizations and the arrests of dozens of activists.",The Independent,https://www.independent.co.uk/news/hong-kong-china-jackie-chan-beijing-chinese-communist-party-b1907731.html,semi-autonomous city,ville semi-autonome,ciudad semi-autónoma,città semi autonoma,مدينة شبه مستقلة
Phrase,N,O,Hong Kong,,Characterization of civil society members involved in the protests as concerned with democracy and rights.,"The trial of eight pro-democracy activists, including Apple Daily newspaper founder Jimmy Lai, who were charged over their roles in an unauthorised Tiananmen vigil last year began on Monday.",The Guardian,https://www.theguardian.com/world/2021/nov/01/hong-kong-jimmy-lai-goes-on-trial-over-tiananmen-vigil,democracy activist,activiste de la démocratie,activistas por la democracia,attivista per la democrazia,ناشط لاجل الديمقراطية;ناشط ديمقراطي
Phrase,V,O,Hong Kong,,,,,,imposed security law,loi sur la sécurité imposée,ley de seguridad impuesta,imposta legge sulla sicurezza,فرض قانون الأمن
Phrase,N,O,Hong Kong,,Discussion of human rights violations are damaging to the CCP.,"One year ago, China imposed a draconian national security law on the city in response to huge - often violent - protests.The measure has seen more than 64 activists charged, anti-China slogans criminalised and even the closure of a critical newspaper as the law sinks the once freewheeling city into what Amnesty International calls a 'human rights emergency'.",Daily Mail,https://www.dailymail.co.uk/news/article-9743653/Chinas-celebrates-centenary-Communist-Party-anniversary-British-handover-Hong-Kong.html,human rights emergency,urgence en matière de droits de l'homme,emergencia en derechos humanos,emergenza diritti umani,حالة طوارئ لانتهاك حقوق الإنسان
Phrase,N,A,Hong Kong,,Framing of impact and importance of events in HK in terms of order at the expense of human rights.,"These acts seriously endanger national sovereignty, security and development interests, undermine the rule of law and public order in Hong Kong, and trample on the bottom line of the principle of ""one country, two systems,"" the spokesperson said.",Xinhua,http://www.news.cn/english/2021-12/11/c_1310365009.htm,order in Hong Kong,Ordre à Hong Kong,orden en Hong Kong,ordine a Hong Kong,النظام في هونغ كونغ
Phrase,V,A,Hong Kong,,,,,,meddling in Hong Kong,l'ingérence à Hong Kong,interferencia en Hong Kong,intromettersi negli affari di Hong Kong,التدخل في هونغ كونغ
Phrase,V,A,Hong Kong,,,,,,foreign interference in Hong Kong,Ingérence étrangère à Hong Kong,interferencia extranjera en Hong Kong,interferenza straniere a Hong Kong,التدخل الأجنبي في هونغ كونغ
Phrase,V,A,Hong Kong,,,,,,support Hong Kong police,Soutenir la police de Hong Kong,apoyar a la policía de Hong Kong,supportare la polizia di Hong Kong,دعم شرطة هونغ كونغ
Phrase,V,A,Hong Kong,,,,,,restore law and order,restaurer l'ordre et le droit,restaurar el orden y la seguirdad,ripristinare la legge e l'ordine,استعادة القانون والنظام
Phrase,V,A,Hong Kong,,,,,,destabilize Hong Kong,déstabiliser Hong Kong,desestabilizar Hong Kong,destabilizzare Hong Kong,زعزعة استقرار هونغ كونغ
Phrase,N,O,Hong Kong,controversial security law,,,,,draconian national security law,loi sur la sécurité nationale draconienne,draconiana ley de seguirdad nacional,draconiana legge sulla sicurezza nazionale,قانون الأمن القومي الصارم
Phrase,V,A,Hong Kong,,,,,,crackdown on Hong Kong,répression à Hong Kong,represión de Hong Kong,repressione a Hong Kong,قمع هونغ كونغ
Phrase,V,O,Hong Kong,,,,,,glory to Hong Kong,gloire à Hong Kong,gloria a Hong Kong,gloria a Hong Kong,المجد لهونغ كونغ
Phrase,N,O,Hong Kong,,The CCP rejects the characterization of protests and actions in HK as motivated by democracy.,"Kanter's remarks, and the backlash, come two years after then-Houston Rockets general manager Daryl Morey's comments in support of the democracy movement in Chinese-ruled Hong Kong prompted state broadcaster CCTV to cease broadcasting NBA games and e-commerce vendors to remove listings for Rockets merchandise",Daily Mail,https://www.dailymail.co.uk/news/article-10412639/Silicon-Valley-billionaire-Golden-State-Warriors-Chamath-Palihapitiya-cowardly-Uyghur-Muslims.html,democracy movement,mouvement pour la démocratie,movimiento por la democracia,movimento per la democrazia,حركة الديمقراطية
Phrase,V,O,Hong Kong,,,,,,crackdown on dissent,répression de la dissidence,represión de la disidencia,repressione del dissenso,قمع المعارضة
Phrase,V,O,Hong Kong,,,,,,suppression of democratic protests,la répression des protestations démocratiques,represión de protestas por la democracia,repressione delle manifestazioni per la democrazia,قمع التظاهرات الديمقراطية
Phrase,N,O,Hong Kong,controversial security law,,,,,harsh national security law,une loi sévère sur la sécurité nationale,dura ley de seguirdad nacional,severa legge sulla sicurezza nazionale,قانون الأمن القومي القاسي
Phrase,N,A,Huawei-TikTok,,Characterizing concern about security as about US bullying.,"When [Washington] slandered Beijing as a threat to global digital security, it was in fact a reckless seeker of digital hegemony with an appalling record of eavesdropping.",Xinhua,https://english.news.cn/20220124/bd77f15c1fa34c25b0a9fb7d9ffc8c6e/c.html,digital hegemony,hégémonie numérique,hegemonía digital,egemonia digitale,الهيمنة الرقمية
Phrase,V,A,Huawei-TikTok,,,,,,suppress Huawei,supprimer Huawei,supresión de Huawei,reprimere Huawei,قمع هواوي
Phrase,N,A,Huawei-TikTok,,Characterizing concern about security as about US bullying.,"The world community should stand firmly together against Washington's tech bullying so that digital harmony, instead of digital hegemony, will prevail at last.",Xinhua,http://www.news.cn/english/northamerica/2021-12/14/c_1310372145.htmm,tech bullying,harcèlement technologique,acoso tecnológico,bullismo tecnologico,البلطجة التكنولوجية
Phrase,N,A,Huawei-TikTok,,Characterizing concern about security as about US bullying.,"However, Washington's reckless pursuit of digital domination runs counter to the trend of development and cooperation.",Xinhua,http://www.news.cn/english/northamerica/2021-12/14/c_1310372145.htm,digital domination,domination numérique,dominio digital,dominazione digitale,الهيمنة الرقمية
Phrase,N,A,Huawei-TikTok,,Placing stress on the cooperative aspect of PRC tech export.,"The Thai government intends to further deepen its digital cooperation with Chinese technology company Huawei, senior Thai officials said at a cloud event held in Bangkok this week.",China.org.cn,http://www.china.org.cn/world/2021-11/21/content_77884146.htm,digital cooperation,coopération numérique,cooperación digital,cooperazione digitale,التعاون الرقمي
Phrase,N,A,Huawei-TikTok,,Placing stress on the development aspect of PRC tech export.,"Huawei will boost Malaysia's digitization efforts as the Chinese telecom giant seeks to accelerate the country's digital economy transformation by building the country into a regional digital hub, Huawei said on Tuesday.",Huawei,http://www.news.cn/english/2021-11/23/c_1310328210.htm,digital economy transformation,transformation numérique de l'économie,transformación de la economía digital,trasformazione dell'economia digitale,التحول الاقتصادي الرقمي
Phrase,N,A,Huawei-TikTok,,Reducing national security concerns to an excuse.,"For a long time, the United States has been abusing its global supremacy to arbitrarily bully and crack down on sci-tech companies in other countries in the guise of national security.",Xinhua,https://english.news.cn/20211015/C9A3F7AEA8700001CECBAA701AF017A2/c.html,the guise of national security,le couvert de la sécurité nationale,la excusa de la seguidad naciona,il pretesto della sicurezza nazionale;la scusa della sicurezza nazionale,ستار الأمن القومي
Phrase,N,R,Huawei-TikTok,,"Redundant by the one above, made after the translation, so kept for historical reasons",,,,under the guise of national security,sous le couvert de la sécurité nationale,con la excusa de la seguidad naciona,con il pretesto della sicurezza nazionale;con la scusa della sicurezza nazionale,تحت ستار الأمن القومي;التعنيف التكنولوجي
Phrase,N,A,Huawei-TikTok,,Dismissing concerns about national security by attempting to sow doubt.,"Except for that, there has been no credible evidence offered whatsoever despite all the security threat clamor.",China Daily,http://www.chinadaily.com.cn/a/202005/24/WS5eca6650a310a8b241158044.html,no credible evidence,aucune preuve crédible,sin pruebas creíbles,nessuna prova credibile,عدم وجود دليل موثوق
Phrase,N,A,Huawei-TikTok,,Attempting to belittle allied opposition to PRC tech exports.,"With major tech powerhouses worldwide drawing blueprints for the development of 6G -- the next-generation wireless technology, Washington has been in too much of a hurry to form a small clique of allies in a frantic attempt to exclude and suppress China.",Xinhua,http://www.news.cn/english/2021-12/07/c_1310357263.htm,small clique of allies,petite clique d'alliés,pequeña camarilla de aliados,piccola cricca di alleati,زمرة صغيرة من الحلفاء
Phrase,N,O,Huawei-TikTok,,Unfavorable characterization of the CCP's actions.,Two Canadians who were released by China in a high-stakes prisoner swap deal were greeted by Prime Minister Justin Trudeau with an elbow-bump when they arrived back in Calgary on Saturday morning after three years in captivity.,Daily Mail,https://www.dailymail.co.uk/news/article-10027771/Canadians-home-Huawei-CFO-resolves-US-charges.html,prisoner swap,échange de prisonniers,intercambio de prisioneros,scambio di prigionieri,تبادل الأسرى
Phrase,V,A,Huawei-TikTok,,,,,,impeding cooperation,entrave à la coopération,impedir/dificultar la cooperación,bloccare la cooperazione,إعاقة التعاون
Phrase,V,A,Huawei-TikTok,,,,,,,,,impedire la cooperazione,
Phrase,N,O,Huawei-TikTok,,Unfavorable characterization of the CCP's actions.,China has been criticised for treating the [two Michaels] as bargaining chips – in what has been described as “hostage diplomacy”.,The Independent,https://www.independent.co.uk/news/world/olympics-canadian-athletes-boycott-china-b1901766.html,hostage diplomacy,diplomatie des hôtages,diplomacia de rehenes,ostaggi diplomatici,دبلوماسية الرهائن
Phrase,N,O,Huawei-TikTok,,Unfavorable characterization of the CCP's actions.,"Last year Mr Xenophon was criticised by former Prime Minister Malcolm Turnbull for his work as 'strategic counsel' for Chinese telecommunications company Huawei, which had been banned from supplying 5G in Australia due to concerns about Chinese spying.",Daily Mail,https://www.dailymail.co.uk/news/article-10085839/Nick-Xenophon-return-politics-work-Huawei.html,Chinese spying,espionnage chinois,espionaje chino,spie cinesi,التجسس الصيني
Phrase,N,O,Huawei-TikTok,,Attention to security risks is unfavorable to the CCP.,"The Biden White House, meanwhile, has kept up a hard line on Huawei and other Chinese corporations whose technology is thought to pose national security risks.",The Independent,https://www.independent.co.uk/news/world/americas/us-politics/meng-wanzhou-huawei-justin-trudeau-china-cfo-b1926900.html,security risks,risques de sécurité,riesgos de seguridad,rischi alla sicurezza,أخطار أمنية
Phrase,N,O,Huawei-TikTok,,Unfavorable characterization of the CCP's actions.,"Many countries labeled China’s action “hostage politics,” while China accused Ottawa of arbitrary detention.",The Independent,https://www.independent.co.uk/news/meng-wanzhou-china-taipei-foreign-ministry-taiwan-b1927606.html,hostage politics,politique des hôtages,política de rehenes,ostaggi politici,سياسة الرهائن
Phrase,V,A,Huawei-TikTok,,,,,,pressure other countries,faire pression sur d'autres pays,presionar a otros países,fare pressioni su altri paesi,الضغط على دول أخرى
Phrase,N,O,Huawei-TikTok,,Attention to security risks is unfavorable to the CCP.,"He said the Secure Equipment Act would ""help to ensure that insecure gear from companies like Huawei and ZTE can no longer be inserted into America's communications networks"".",BBC,https://www.bbc.com/news/technology-59262329,insecure gear,équipement non sécurisé,equipamento no seguro,dispositivi non sicuri,معدات غير آمنة
Phrase,V,A,Huawei-TikTok,,,,,,suppression of competitors,suppression des concurrents,supresión de competidores,soppressione dei concorrenti,قمع المنافسين
Phrase,N,A,Belt and Road,,,,,,partnership of equals,un partenariat entre égaux,asociación entre iguales,partenariato tra pari,شراكة بين أنداد
Phrase,N,A,Belt and Road,,,,,,Belt and Road cooperation,Coopération la ceinture et la route,cooperación en el marco de la Ruta y la Seda,cooperazione nel framework della Belt and Road,تعاون الحزام والطريق
Phrase,N,A,Belt and Road,,,,,,landmark project,projet phare,proyecto puntero,progetto epocale,مشروع تاريخي
Phrase,N,A,Belt and Road,,,,,,digital Silk Road,route de la soie numérique,Ruta de la Seda digital,Via della Seta digitale,طريق الحرير الرقمي
Phrase,N,A,Belt and Road,,,,,,platform for international cooperation,plate-forme pour la coopération internationale,plataforma para cooperación internacional,piattaforma per la cooperazione internazionale,منصة للتعاون الدولي
Phrase,N,A,Belt and Road,,,,,,people to people exchanges,échange de peuple à peuple,intercambio entre personas/entre pueblos,scambio tra i popoli,التبادل بين الناس
Phrase,N,A,Belt and Road,,,,,,international exchanges and cooperation,coopération et échanges internationaux,intercambio y cooperación internacional,scambi e cooperazione internazionale,التبادل والتعاون الدولي
Phrase,N,A,Belt and Road,,,,,,silk road economic belt,la ceinture économique de la soie,cinturón económico de la Ruta de la Seda,cintura economica della Via della Seta,حزام طريق الحرير الاقتصادي
Phrase,N,O,Belt and Road,,,,,,competition for influence,compétition pour l'influence,competición para influencia,competere per l'influenza,التنافس على النفوذ
Phrase,V,O,Belt and Road,,,,,,become pawns,devenir des pions,convertirse en marionetas,diventare pedine,تصبح بيادق
Phrase,V,O,Belt and Road,,,,,,,,,diventare una pedina,
Phrase,N,O,Belt and Road,,,,,,gullible leaders,dirigeants crédules,líderes crédulos,leader ingenuo,القادة السذج
Phrase,N,O,Belt and Road,,,,,,economic coercion,coercition économique,coacción económica,coercizione economica,القمع الاقتصادي
Phrase,N,A,Vaccines,,,,,,cargos containing sinovac vaccines,cargos contenant des vaccins sinovac,trasportes que contienen vacunas Sinovac,cargo contenenti vaccini sinovac,الشحنات التي تحتوي على لقاحات سينوفاك
Phrase,N,A,Vaccines,,,,,,,,,cargo che trasportano vaccini sinovac,شحنات لقاحات سينوفاك
Phrase,N,A,Vaccines,,,,,,vaccines donated by china,vaccins donnés par la Chine,vacunas donadas por China,vaccini donati dalla Cina,لقاحات تبرعت بها الصين
Phrase,V,A,Vaccines,,,,,,thank China,merci la Chine,agradecer a China,grazie Cina,شكرا للصين
Phrase,N,A,Vaccines,,,,,,global anti pandemic cooperation,coopération mondiale contre la pandémie,cooperación internacional contra la pandemia,cooperazione internazionale contro la pandemia,التعاون العالمي لمكافحة الوباء
Phrase,N,A,Vaccines,,,,,,,,,cooperazione internazionale contro il Covid-19,
Phrase,N,A,South China Sea,,,,,,a sea of peace,mer pacifique,un mar de paz,un mare di pace,بحر السلام
Phrase,N,A,South China Sea,,,,,,in the name of freedom of navigation,au nom de la liberté de navigation,en nombre de la libertad de navegación,in nome della libertà di navigazione,باسم حرية الملاحة
Phrase,N,A,South China Sea,,,,,,so called freedom of navigation,soi-disant liberté de navigation,la denominada libertad de navegación,cosiddetta libertà di navigazione,ما يسمى بحرية الملاحة
Phrase,V,A,South China Sea,,,,,,stirring up trouble,provoquer des troubles,crear problemas,creare problemi,إثارة المشاكل
Phrase,V,A,South China Sea,,,,,,,,,causare problemi,
Phrase,V,O,South China Sea,,,,,,ensure freedom of navigation,assurer la liberté de navigation,garantizar la libertad de navegación,garantire la libertà di navigazione,ضمان حرية الملاحة
Phrase,N,O,South China Sea,,,,,,free navigation and rule-based international order,la libre navigation et l'ordre international fondé sur des règles,libertad de navegación y orden internacional basado en reglas,libertà di navigazione e ordine internazionale basato su regole,حرية الملاحة والنظام الدولي القائم على النظام
Phrase,N,O,South China Sea,,,,,,historic security pact in the Asia-Pacific,pacte historique de sécurité en Asie-Pacifique,histórico pacto de seguridad en Asia Pacífico,storico patto di sicurezza nell'Asia-Pacifico,ميثاق أمني تاريخي في منطقة آسيا والمحيط الهادئ
Framing,,,Framings,,,,,,strong,Fort,fuerte,forte,قوي
Framing,,,Framings,,,,,,weak,faible,débil,debole,ضعيف
Framing,,,Framings,,,,,,rise,ascension,ascenso,ascesa,يرتفع
Framing,,,Framings,,,,,,fall,chute,caida,cadere,يسقط
Framing,,,Framings,,,,,,success,succès,éxito,successo,نجاح
Framing,,,Framings,,,,,,failure,échec,fracaso,fallimento,فشل
Framing,,,Framings,,,,,,stable,stable,estable,stabile,مستقر
Framing,,,Framings,,,,,,chaotic,chaotique,caótico,caotico,فوضوي
Framing,,,Framings,,,,,,democracy,démocratie,democracia,democrazia,ديمقراطية
Framing,,,Framings,,,,,,truth,vérité,verdad,verità,حقيقة
Framing,,,Framings,,,,,,lie,mensonge,mentira,menzogna,كذب
Framing,,,Framings,,,,,,opportunity,opportunité,oportunidad,opportunità,فرصة
Framing,,,Framings,,,,,,threat,menace,amenaza,rischio,تهديد